Longitude,Latitude
-77.10212693,38.9515612
-77.12430312,38.95317526
-77.09935671,38.95429293
-77.12473206,38.95573196
-77.13152761,38.96229548
-77.09101774,38.96349208
-77.08941393,38.9636825
-77.12975695,38.96686538
-76.99138788,38.97569321
-76.99250395,38.97697888
-77.10086948,38.97772898
-77.09214177,38.98007069
-77.09788868,38.9809177
-77.09342088,38.98272036
-77.1230186,38.98437718
-77.0771618,38.98463215
-77.02353978,38.98779267
-77.09734584,38.98897026
-77.02396511,38.99025723
-77.10354487,38.99036208
-77.01656209,38.99074552
-77.09668003,38.99081446
-77.10176093,38.99226238
-77.02667333,38.99341888
-76.99940887,38.99547619
-77.02820243,38.9960615
-77.02543246,38.99685494
-77.02544423,38.99687705
-77.05333049,38.99702309
-77.02699356,38.99770109
-77.00361045,38.9982705
-77.00107423,38.9984957
-77.02624252,38.99901676
-77.03983252,38.99928922
-76.99528089,38.99965966
-77.01342309,38.99988351
-77.02574941,39.00010114
-76.99452286,39.0050766
-77.04674243,39.00598543
-76.99757354,39.00614475
-77.03959616,39.00723466
-77.11745675,39.00827077
-77.04037723,39.00860113
-76.97969969,39.01249067
-76.98417942,39.01387453
-76.99001259,39.01609091
-76.97664471,39.01917826
-76.9766814,39.0204213
-76.97018809,39.02762889
-77.10416972,39.02888246
-77.04774606,39.03010792
-77.04774606,39.03010792
-77.04915948,39.03425601
-77.04915948,39.03425601
-77.14177053,39.03517742
-77.1862184,39.03542387
-77.02783848,39.03610824
-77.04988426,39.03622162
-77.05163598,39.03738588
-77.05163598,39.03738588
-77.11012917,39.03748605
-77.04091215,39.03827959
-76.9949881,39.03843036
-77.05233935,39.03845286
-77.05233935,39.03845286
-77.05233935,39.03845286
-77.05089204,39.03870312
-76.99064597,39.03982783
-76.99064597,39.03982783
-77.13955588,39.03998599
-77.13955588,39.03998599
-77.05546538,39.04000343
-77.05034762,39.0403435
-76.98504072,39.04130416
-77.1117326,39.04475825
-77.02108646,39.04549729
-77.05948009,39.04564085
-77.04649676,39.04585987
-77.04059379,39.04726654
-77.11932335,39.04833325
-77.12077515,39.04882127
-77.05159994,39.05073791
-77.07659091,39.05275775
-77.08057295,39.05335432
-77.08370533,39.05538654
-77.04489133,39.05587135
-77.12090758,39.05588862
-77.10287162,39.05714393
-77.12629515,39.05716371
-77.13425971,39.0580898
-77.04889229,39.05856627
-77.11900378,39.05874327
-77.05197758,39.05962131
-77.1248004,39.06274695
-77.11725269,39.06275607
-77.11536091,39.06277293
-77.16091753,39.06383619
-77.12668901,39.06507967
-76.96223448,39.06821456
-77.18475195,39.06958719
-77.12301944,39.07234086
-77.16154975,39.07454093
-76.94519314,39.07941412
-77.01659608,39.07947006
-77.08050342,39.08030873
-77.16190219,39.08071697
-76.94235603,39.08327275
-77.04750675,39.0889261
-77.04511882,39.08897165
-77.14350684,39.09249618
-77.19228421,39.09382228
-77.16556477,39.09867267
-76.98711671,39.0993502
-77.20114678,39.1002246
-77.02743899,39.1016272
-76.97136867,39.10508934
-76.9397226,39.10697135
-76.9250481,39.10880677
-77.15486962,39.11071193
-77.17110963,39.11107016
-77.20166822,39.11455375
-77.23238578,39.11628334
-77.16473806,39.11716794
-77.18403446,39.11919939
-77.17874937,39.12249226
-77.18279934,39.12600854
-77.23199036,39.12732204
-77.08141497,39.12911131
-77.20062197,39.13052194
-77.22870269,39.13119537
-77.18870374,39.13196003
-77.22760036,39.13461828
-77.1194998,39.14109002
-77.11572273,39.14253938
-77.06747608,39.14267069
-77.22834655,39.14605875
-77.41672647,39.14613382
-77.41672647,39.14613382
-77.27460667,39.14617169
-77.20405895,39.15067674
-77.06679477,39.15127316
-77.06222702,39.1518981
-77.16475447,39.15242739
-77.19841338,39.15246141
-77.07124977,39.15621045
-77.1985071,39.15853519
-77.1985071,39.15853519
-77.19843773,39.15964839
-77.26535923,39.1601937
-77.22750455,39.16043984
-77.28163516,39.16214847
-77.28093469,39.16675328
-77.20504911,39.16715506
-77.2695775,39.1686225
-77.2838578,39.17052917
-77.18731105,39.17656379
-77.26734863,39.17883254
-77.26849811,39.1802436
-77.23852438,39.18117091
-77.21280371,39.1818636
-77.16084539,39.18394757
-77.16084539,39.18394757
-77.26660333,39.18723087
-77.26646309,39.18729082
-77.20363791,39.18969632
-77.27573322,39.1965221
-77.24491824,39.19841751
-77.2778845,39.22153117
-77.25516608,39.22283127
-77.27744918,39.23393415
-77.21783523,39.26088527
-77.22250414,39.2864562
-77.1834299,39.32254252
-77.08654777,38.96017479
-77.08322096,38.97883485
-77.026609,38.98452
-77.0266433,38.98533958
-77.0266433,38.98533958
-77.0266433,38.98533958
-77.13307949,38.98640236
-77.02959872,38.98696707
-77.1034147,38.9872415
-77.02667188,38.98807067
-77.09736659,38.98891243
-76.98776588,38.98902423
-77.03219456,38.99010616
-77.02664,38.99063996
-77.0956403,38.99098907
-77.09756624,38.99115294
-77.03646619,38.99220824
-77.03646619,38.99220824
-77.06351395,38.99321689
-77.02798811,38.99339379
-77.03233957,38.99362032
-77.03157952,38.99393828
-77.0345042,38.9945237
-77.02446204,38.99538517
-77.02916275,38.99543874
-76.99372617,38.99725417
-76.98936586,38.99909434
-76.98849991,39.00108131
-77.12782301,39.00169772
-76.99576033,39.00249982
-76.99576033,39.00249982
-77.02008358,39.00769069
-77.04059475,39.00958329
-77.08421219,39.00975853
-77.04153139,39.01232085
-76.97969969,39.01249067
-77.04197271,39.01326859
-76.97686686,39.01524051
-77.0175834,39.02254282
-77.00682142,39.02508802
-77.01084867,39.02605364
-77.01627211,39.03006905
-77.048378,39.03199348
-77.12800504,39.03211111
-77.02783848,39.03610824
-77.00015332,39.03629561
-77.05163598,39.03738588
-77.05163598,39.03738588
-76.99444307,39.03792976
-77.05233935,39.03845286
-77.05233935,39.03845286
-77.05233935,39.03845286
-76.99051653,39.03982997
-77.05274147,39.040076
-77.0513237,39.04012149
-77.04957222,39.04028281
-77.05034762,39.0403435
-77.05316064,39.04104894
-77.11002854,39.04114325
-77.04823798,39.04134953
-77.05171776,39.041536
-77.05004188,39.04300583
-76.98321697,39.04550148
-77.08670704,39.04600704
-77.06753471,39.04685305
-77.11272132,39.04688746
-76.97645645,39.04712382
-77.06570643,39.04816455
-77.10811702,39.04901723
-77.08091816,39.04957845
-77.05642095,39.04986326
-77.11808164,39.05486472
-77.07132143,39.05508435
-76.96659843,39.05515165
-77.15383358,39.0553
-77.05303932,39.0567596
-77.08794558,39.05719774
-77.07796486,39.05748188
-76.97227636,39.05887745
-77.15423418,39.05961391
-77.09080105,39.06175081
-77.11434173,39.06715728
-76.95923687,39.06797275
-77.08935489,39.07095125
-77.22042573,39.07258252
-77.13724473,39.07878094
-77.08402884,39.07949139
-77.06603397,39.0795673
-76.96378953,39.08010624
-76.93928375,39.08206014
-76.96697608,39.08464282
-77.14819686,39.08516274
-77.14941394,39.08663892
-77.05045917,39.09045558
-77.32184744,39.09066424
-77.07979606,39.09203135
-77.07979606,39.09203135
-77.15941139,39.09267578
-77.07851192,39.09345931
-76.92011233,39.10104889
-77.05115789,39.10210055
-77.15441726,39.10508197
-77.19281623,39.11163192
-77.25003453,39.11701353
-77.07279139,39.1250689
-77.20398143,39.13037787
-77.22870269,39.13119537
-77.20329876,39.13352887
-77.22854414,39.14070833
-77.07208046,39.14360369
-77.20165015,39.14399238
-77.14404861,39.14566413
-77.22834655,39.14605875
-77.18856263,39.15157192
-77.19603305,39.15235073
-77.19674675,39.15425719
-77.16384304,39.15470165
-77.05533921,39.15713018
-77.20761173,39.15880935
-77.20191104,39.16162154
-77.18099958,39.16333729
-77.27123089,39.1636458
-77.2711906,39.16365116
-77.27198394,39.16404618
-77.24666738,39.16730111
-77.25814436,39.17132181
-77.25172821,39.17167456
-77.24745027,39.1749854
-77.27866817,39.17878963
-77.26734863,39.17883254
-77.41573899,39.17890769
-77.26849811,39.1802436
-77.18752265,39.18527127
-77.25154965,39.18858646
-77.24491824,39.19841751
-77.24491824,39.19841751
-77.24899849,39.20902227
-77.29698178,39.22192248
-77.25986485,39.24547458
-77.06678259,38.98081772
-77.11166873,38.98598487
-77.02959872,38.98696707
-77.02959872,38.98696707
-77.0289111,38.99246878
-77.0289111,38.99246878
-77.21192557,38.99298306
-77.02798811,38.99339379
-77.02667333,38.99341888
-77.03233957,38.99362032
-76.99107835,38.99378116
-77.02446204,38.99538517
-76.99192218,38.9967603
-77.03983252,38.99928922
-77.03983252,38.99928922
-77.05002525,39.00021525
-76.99664375,39.00109998
-76.99576033,39.00249982
-77.11240235,39.00351516
-76.97896798,39.01145423
-77.0330565,39.01612799
-77.04352552,39.01795023
-77.20805486,39.02027813
-77.01277632,39.02039223
-77.14664246,39.02197521
-76.97749199,39.02232283
-77.14899534,39.02502585
-77.07244387,39.02698552
-77.10416972,39.02888246
-77.18005608,39.03141652
-77.01614697,39.03546326
-76.9949881,39.03843036
-76.99051653,39.03982997
-76.98624564,39.04120804
-77.06034889,39.04262684
-76.98321697,39.04550148
-77.05895556,39.04787195
-77.08762107,39.04844176
-77.07077352,39.04953558
-76.95083986,39.05255804
-76.95317842,39.05269731
-77.08265862,39.05617996
-77.08837128,39.05637778
-77.04889229,39.05856627
-77.08735889,39.0586607
-77.04780172,39.05907475
-77.09231802,39.05912637
-76.93875285,39.06380842
-77.03709239,39.06404323
-77.09552155,39.06899186
-76.99389779,39.06955716
-76.98274207,39.0710369
-77.00245712,39.07417475
-77.07083734,39.07754475
-77.07191964,39.07832734
-77.16753771,39.07843495
-77.08079191,39.07890735
-76.94462979,39.0820036
-77.13509995,39.08317452
-77.1499773,39.08409294
-77.11914671,39.0843341
-77.07984938,39.08550599
-77.15196931,39.0857024
-77.15294234,39.08586382
-77.05045917,39.09045558
-77.15102783,39.09571606
-77.06574888,39.095725
-77.07790984,39.09847616
-77.22516837,39.09999503
-77.18876227,39.10478329
-77.17114289,39.10900264
-76.9229757,39.10913166
-77.18654798,39.11326965
-77.18135791,39.12746525
-76.96174319,39.12829033
-77.20828675,39.1286367
-77.20828675,39.1286367
-77.14209855,39.12886332
-77.22709889,39.130142
-77.20486222,39.13233853
-77.19637739,39.14185152
-77.18612097,39.14491899
-77.19525638,39.14534377
-77.20405895,39.15067674
-77.20405895,39.15067674
-77.17460467,39.15086953
-77.19841338,39.15246141
-77.19238256,39.1525918
-77.21197909,39.15262855
-77.20114092,39.1549495
-77.26909595,39.15979076
-77.28093469,39.16675328
-77.21000504,39.16832932
-77.20844332,39.17235208
-77.27995136,39.17593454
-77.1527271,39.18005642
-77.27872856,39.18191562
-77.2652249,39.18213243
-77.2863912,39.1833302
-77.15726163,39.18505518
-77.18066361,39.1880128
-77.23824488,39.19591275
-77.27573492,39.19624177
-77.24491824,39.19841751
-77.26306203,39.22071677
-77.10579874,38.9489481
-77.08576633,38.96085306
-77.08576633,38.96085306
-77.13304494,38.96104046
-77.0689047,38.9812905
-77.0689047,38.9812905
-77.0744807,38.9852003
-77.0744807,38.9852003
-77.02842933,38.98598227
-77.09474086,38.98677272
-77.02393991,38.98975932
-77.02396511,38.99025723
-77.02780961,38.99156644
-77.02661141,38.9916456
-77.02798811,38.99339379
-77.03233957,38.99362032
-77.03157952,38.99393828
-77.02916275,38.99543874
-77.03183015,38.99742683
-77.00356655,38.99824634
-77.00098386,38.9984371
-76.99537268,38.99959218
-76.99528089,38.99965966
-77.13831174,39.00149611
-76.99794343,39.00936855
-77.04086797,39.01034933
-77.11861992,39.01478988
-77.09551183,39.01479926
-77.0330565,39.01612799
-76.98084555,39.01646261
-77.04407433,39.01949174
-77.14664246,39.02197521
-77.14664246,39.02197521
-77.13491224,39.02208457
-77.07026773,39.02227449
-77.02509128,39.0241066
-77.03939599,39.02620428
-77.07674262,39.02639209
-77.0117591,39.02647405
-77.14554433,39.02676873
-77.01518938,39.0290106
-77.0140896,39.02903954
-77.048378,39.03199348
-76.99732343,39.03247286
-77.07353173,39.035617
-77.05163598,39.03738588
-77.05163598,39.03738588
-77.1761782,39.03767367
-77.04848951,39.03807944
-77.05233935,39.03845286
-77.05089204,39.03870312
-76.99051653,39.03982997
-76.99051653,39.03982997
-77.08255137,39.04115064
-76.98504072,39.04130416
-76.99867029,39.04131878
-77.05205224,39.04313668
-77.17173223,39.04379044
-76.98325524,39.04575806
-77.11429193,39.04950569
-77.07483215,39.05164392
-77.11666842,39.05315153
-77.06097229,39.05351812
-77.11825714,39.05508065
-76.97127748,39.05613257
-77.11810371,39.05773407
-77.11900378,39.05874327
-77.12141108,39.05882684
-77.07159196,39.05933747
-77.05115301,39.06022455
-77.07347653,39.06213967
-77.00040369,39.06571041
-77.18112552,39.06655938
-76.96907848,39.06804143
-77.0360345,39.06846864
-77.1115307,39.06860161
-77.1049017,39.06923353
-77.11876092,39.07301701
-77.1290071,39.07318435
-76.96360648,39.07468437
-77.11723203,39.07549344
-77.10224738,39.07584805
-76.94251283,39.07725992
-77.13695876,39.07739936
-77.14387201,39.07741081
-76.93767072,39.07879134
-77.14472073,39.07943008
-77.00120591,39.08049463
-77.14898958,39.08351755
-77.15295707,39.08418375
-77.14819686,39.08516274
-77.15217253,39.09000611
-77.05045917,39.09045558
-77.10842175,39.09093075
-77.12281802,39.09297769
-77.14743433,39.09363003
-77.19942612,39.09664939
-77.24090174,39.09670406
-77.2345014,39.0967711
-77.02315496,39.0975664
-77.19239303,39.09939421
-77.2003057,39.10181932
-76.9229757,39.10913166
-77.23528052,39.11178148
-77.20563319,39.11434879
-77.15698548,39.11477341
-77.16851069,39.11525922
-77.16628507,39.11566466
-77.189795,39.11756714
-77.16376431,39.11795984
-77.1675827,39.12886713
-77.16973775,39.13148278
-77.08694612,39.13730126
-77.21252244,39.14051575
-77.18436633,39.14315101
-77.08008347,39.14405986
-77.23292493,39.14766829
-77.17663155,39.15285729
-77.05696073,39.15422682
-77.19674675,39.15425719
-77.20973081,39.15474655
-77.2071956,39.15972713
-77.2051375,39.16183164
-77.2711906,39.16365116
-77.15381376,39.1668131
-77.25809135,39.16685178
-77.19087563,39.17084873
-77.26275532,39.17120869
-77.28371421,39.17342437
-77.24098726,39.17527874
-77.27119347,39.17755113
-77.27344204,39.17971943
-77.26849811,39.1802436
-77.26849811,39.1802436
-77.26849811,39.1802436
-77.21381771,39.18343478
-77.24600972,39.18414517
-77.40542437,39.18553215
-77.27892435,39.18561534
-77.26067283,39.18732979
-77.18671931,39.18777439
-77.27589171,39.19103527
-77.39064458,39.20290935
-77.25767078,39.20328004
-77.10765131,39.23017775
-77.20846045,39.27913978
-77.13046895,38.96309312
-77.22275479,38.98645564
-77.09474086,38.98677272
-77.09474086,38.98677272
-77.14221659,38.98914804
-77.02401665,38.99021584
-77.02780961,38.99156644
-77.00025912,38.99289068
-77.10756275,38.9929028
-77.02414221,38.99304842
-77.02916275,38.99543874
-77.03631204,38.9961616
-76.99725571,38.99771438
-76.98985716,39.00044181
-77.0727827,39.00044523
-77.07173161,39.00372523
-76.99345327,39.00729835
-77.11861992,39.01478988
-77.00017394,39.01508387
-77.14620818,39.01545101
-77.05264703,39.01576904
-77.0330565,39.01612799
-77.2089363,39.01808458
-77.14664246,39.02197521
-77.12532141,39.02489476
-77.1529247,39.0261668
-77.12768241,39.02679178
-77.14977318,39.02754411
-77.09821837,39.02829795
-76.9832136,39.02871626
-77.06676557,39.02931677
-77.14220393,39.03320857
-77.04915948,39.03425601
-77.04988426,39.03622162
-77.05163598,39.03738588
-77.05163598,39.03738588
-77.05163598,39.03738588
-77.05163598,39.03738588
-77.05163598,39.03738588
-76.98973986,39.03778413
-76.9949881,39.03843036
-77.05089204,39.03870312
-77.05546538,39.04000343
-77.07492747,39.0458432
-76.95435288,39.05622307
-77.07114495,39.05833343
-77.12141108,39.05882684
-76.98867003,39.05968755
-77.09202448,39.06156087
-76.96472154,39.06314936
-77.12498724,39.07148443
-77.11571472,39.07354863
-76.97991423,39.07435479
-77.09010233,39.07891581
-76.94728378,39.08213838
-77.20628447,39.08247923
-77.14895955,39.08282517
-77.03478132,39.08325225
-77.07784302,39.08388099
-77.07784302,39.08388099
-77.16760867,39.08562501
-77.07905045,39.08625373
-77.0632946,39.08771471
-77.07983174,39.08868568
-77.06674034,39.08997477
-77.07569003,39.09369094
-77.21943,39.09533806
-76.93346992,39.09539718
-77.32733247,39.09741474
-76.93465928,39.09870068
-77.05532571,39.10092784
-77.05174675,39.10099504
-76.98303444,39.10657689
-76.97751651,39.10742869
-77.09782299,39.10820132
-76.9723142,39.1108703
-77.23528052,39.11178148
-77.20571926,39.11432703
-77.20168803,39.11461027
-77.189795,39.11756714
-77.24293058,39.12545082
-77.19433861,39.12828987
-77.23860778,39.13357561
-77.15822825,39.13965532
-77.18039997,39.14281356
-77.18442461,39.14314537
-77.21655711,39.14437742
-77.181508,39.14471113
-77.18155026,39.14477287
-77.22834655,39.14605875
-77.20405895,39.15067674
-77.17071605,39.15085908
-77.19297607,39.15428016
-77.21817165,39.15787429
-77.20210478,39.16018125
-77.17032611,39.16106467
-77.24872555,39.16177657
-77.09744734,39.16194827
-77.25765134,39.16434264
-77.28081275,39.16674642
-77.263533,39.16707638
-77.263533,39.16707638
-77.25361612,39.17001808
-77.28648213,39.17096858
-77.24576855,39.17373254
-77.26171377,39.1779935
-77.26734863,39.17883254
-77.26176387,39.17887768
-77.28443167,39.1800123
-77.26849811,39.1802436
-77.26849811,39.1802436
-77.26359052,39.18298451
-77.24579918,39.18441889
-77.26561867,39.18552751
-77.26788414,39.18962185
-77.22034127,39.18989544
-77.25720046,39.20237001
-77.13762169,39.20469906
-77.20785005,39.25699545
-77.16604125,39.27783666
-77.20729563,39.28755957
-77.12223196,38.94474831
-77.12015828,38.94864435
-77.11785189,38.95569536
-77.16373934,38.97497792
-77.11822727,38.977708
-77.09842176,38.98089068
-77.02670816,38.98656788
-77.02959872,38.98696707
-77.02794118,38.9889085
-77.02661141,38.9916456
-76.99273107,38.99303479
-76.99022225,38.9940298
-77.02979931,38.99754832
-77.01189804,39.00402168
-77.01992742,39.00640137
-77.11829497,39.00724279
-77.10118948,39.01432915
-77.03970225,39.01469911
-77.01802835,39.01988901
-77.01086331,39.02129744
-77.15227656,39.02637742
-77.05061242,39.02956373
-77.04774606,39.03010792
-77.02371794,39.03347847
-77.02371794,39.03347847
-77.05163598,39.03738588
-76.99444307,39.03792976
-77.05233935,39.03845286
-76.99064597,39.03982783
-76.99051653,39.03982997
-77.05274147,39.040076
-77.04788819,39.04336279
-76.98502907,39.04551401
-77.17999282,39.04614319
-76.96825989,39.05347811
-77.0986973,39.05517726
-77.10912328,39.05611128
-77.20102474,39.05730513
-76.97354276,39.05895677
-77.06918817,39.06338268
-77.08797243,39.06471214
-77.00040369,39.06571041
-76.96907848,39.06804143
-76.94718736,39.07102471
-77.00270037,39.07324554
-77.06906292,39.07458776
-77.09444511,39.07464292
-77.11550457,39.07496447
-76.92949349,39.07690834
-77.07083734,39.07754475
-77.08079191,39.07890735
-77.08079191,39.07890735
-76.94728378,39.08213838
-76.94832036,39.08305001
-77.14898958,39.08351755
-77.07764908,39.08380963
-76.99986445,39.08490265
-77.16760867,39.08562501
-77.16760867,39.08562501
-77.16759638,39.08808412
-77.17723729,39.08841987
-76.9396452,39.09000405
-77.13614397,39.09017302
-77.28148692,39.09212519
-77.14253067,39.0922945
-77.19942612,39.09664939
-76.92481524,39.10192908
-77.20715924,39.10296673
-77.14461713,39.10556088
-77.23528052,39.11178148
-77.15988328,39.11436696
-77.04515068,39.11442687
-77.16628507,39.11566466
-77.25003453,39.11701353
-77.17485916,39.12537211
-77.19059099,39.12606843
-77.20828675,39.1286367
-77.1675827,39.12886713
-77.11845712,39.12946407
-77.20733311,39.12990813
-77.19287585,39.1366737
-77.21252244,39.14051575
-77.22448901,39.14181183
-77.18442461,39.14314537
-77.19125378,39.1431802
-77.181508,39.14471113
-77.18487359,39.14649079
-77.21818299,39.14794796
-77.20405895,39.15067674
-77.20405895,39.15067674
-77.20405895,39.15067674
-77.17460467,39.15086953
-77.06222702,39.1518981
-77.19238256,39.1525918
-77.19674675,39.15425719
-77.27863608,39.15674834
-77.27639508,39.15990261
-77.26293479,39.16176371
-77.26293479,39.16176371
-77.26742058,39.16206018
-77.17396437,39.16489572
-77.28033752,39.16621293
-77.28520419,39.16868312
-77.20890791,39.17067993
-77.20398587,39.17086015
-77.20219228,39.17420317
-77.07288237,39.17427585
-77.23852569,39.17791113
-77.26734863,39.17883254
-77.18547538,39.18017216
-77.26849811,39.1802436
-77.19305169,39.18240897
-77.26359052,39.18298451
-77.26176488,39.18403195
-77.26592378,39.18592197
-77.19789141,39.18741311
-77.22904864,39.18962575
-77.24491824,39.19841751
-77.25610072,39.19849712
-77.23501869,39.2282274
-77.28810464,39.22987407
-77.1923378,39.24636515
-77.29615122,39.24767098
-77.16388959,39.25832173
-77.2565946,39.26405203
-77.20193467,39.28365964
-77.10084873,38.9828908
-77.06738401,38.98294737
-77.0266433,38.98533958
-77.09878821,38.98749002
-77.03223068,38.9890134
-77.12311908,38.98960044
-77.09675696,38.99132394
-77.02661141,38.9916456
-77.02661141,38.9916456
-77.11820967,38.99293189
-77.02414221,38.99304842
-77.02813565,38.99608121
-76.99185262,38.99727618
-77.05106344,39.00447086
-77.15203995,39.00520933
-77.22040646,39.00921916
-77.01254984,39.01074456
-77.1168839,39.01690663
-77.05848509,39.01920585
-76.9766814,39.0204213
-77.14664246,39.02197521
-77.14664246,39.02197521
-77.14664246,39.02197521
-76.97749199,39.02232283
-77.1235256,39.02246257
-77.10717955,39.02316858
-77.13059484,39.02322146
-77.04554529,39.02363432
-77.14977318,39.02754411
-77.07981882,39.03191092
-77.13111576,39.03279045
-77.01675233,39.03282735
-77.02371794,39.03347847
-77.05163598,39.03738588
-77.09080717,39.03758708
-77.05233935,39.03845286
-77.07642377,39.03870087
-77.05546538,39.04000343
-77.05550434,39.04006364
-76.98794782,39.04088812
-77.11947964,39.04116883
-77.1146062,39.04497267
-77.09199146,39.04643711
-77.10210032,39.04891767
-77.10811702,39.04901723
-77.04603907,39.05073373
-77.11666842,39.05315153
-76.97476765,39.05344677
-77.07835513,39.05367124
-76.95732445,39.05560353
-77.08265862,39.05617996
-76.95117727,39.05694407
-76.95117727,39.05694407
-77.12652253,39.05848904
-77.12178923,39.05929825
-77.06213104,39.05933395
-77.12263894,39.06026145
-77.04410711,39.06111533
-77.0580622,39.06258252
-77.0723664,39.06354895
-77.00040369,39.06571041
-77.08438199,39.06574576
-76.95052721,39.07105563
-77.08182855,39.07571742
-77.00195743,39.07579763
-76.98913638,39.07633801
-77.09010233,39.07891581
-77.08722994,39.07916582
-77.07784302,39.08388099
-77.1548693,39.08417038
-76.94040833,39.08547517
-76.94040833,39.08547517
-77.16760867,39.08562501
-77.07392189,39.08686653
-76.94936828,39.08774745
-77.0691122,39.08999067
-77.13997162,39.09140129
-77.13430442,39.09269186
-77.12281802,39.09297769
-77.12281802,39.09297769
-76.99078504,39.09304847
-77.07314144,39.09310129
-77.18955431,39.09326254
-77.24295802,39.0934069
-77.17716794,39.10192449
-76.93829581,39.10530272
-76.93829581,39.10530272
-76.97291058,39.10635014
-77.15851489,39.10667598
-77.14811,39.10793814
-77.23528052,39.11178148
-77.23528052,39.11178148
-77.21413743,39.111852
-77.29857378,39.11635376
-77.1745281,39.12971488
-77.20398143,39.13037787
-77.22313303,39.13625685
-77.22854414,39.14070833
-77.22098082,39.14266332
-77.20165015,39.14399238
-77.20165015,39.14399238
-77.20378185,39.14573436
-77.20405895,39.15067674
-77.20405895,39.15067674
-77.20405895,39.15067674
-77.29624199,39.15236962
-77.19841338,39.15246141
-77.15573965,39.15288786
-77.06695563,39.15326743
-77.16384304,39.15470165
-77.20114092,39.1549495
-77.21355902,39.15779161
-77.05071271,39.1640337
-77.18523869,39.16982558
-77.26275532,39.17120869
-77.20844332,39.17235208
-77.28597054,39.17684394
-77.23852438,39.18117091
-77.23836605,39.1813695
-77.23449515,39.18317609
-77.21381771,39.18343478
-77.24286016,39.19459716
-77.23872742,39.20114818
-77.26477722,39.22544204
-77.19201286,39.25072282
-77.11889542,38.93900223
-77.09006129,38.95858288
-77.12815214,38.95882305
-77.10362329,38.96472132
-77.09877422,38.97799807
-77.09874186,38.97803754
-77.09848983,38.98085016
-77.0266433,38.98533958
-77.02492887,38.98689134
-77.08918333,38.98881828
-77.14221659,38.98914804
-77.09812205,38.98936265
-77.09569437,38.99125585
-77.02661141,38.9916456
-77.02661141,38.9916456
-77.21192557,38.99298306
-77.01161182,38.99382947
-76.99113303,38.99383294
-77.02446204,38.99538517
-77.03631204,38.9961616
-77.10903355,38.99657927
-77.10903355,38.99657927
-77.10903355,38.99657927
-77.0019618,38.99674791
-77.00650293,38.99708349
-76.99372617,38.99725417
-76.99185262,38.99727618
-77.00107423,38.9984957
-77.01622526,38.99899649
-76.99576033,39.00249982
-77.0369768,39.00422649
-77.12991415,39.00876668
-77.04369651,39.01173468
-77.12908694,39.01798976
-77.01369915,39.02007105
-77.14664246,39.02197521
-77.14664246,39.02197521
-77.14664246,39.02197521
-77.14664246,39.02197521
-77.01928331,39.02497874
-76.98562558,39.02939364
-77.06963887,39.02963017
-77.00603453,39.03005851
-77.16144235,39.03112777
-77.03734199,39.03619618
-77.04837359,39.03653824
-77.05163598,39.03738588
-76.9949881,39.03843036
-76.99064597,39.03982783
-76.98794782,39.04088812
-77.10277179,39.04696819
-77.11719878,39.04895191
-76.99293275,39.05416624
-76.99114734,39.05449173
-77.07430893,39.05480103
-77.08677346,39.05526429
-76.9684642,39.05787292
-77.05002379,39.05806645
-77.1302188,39.05831019
-77.04889229,39.05856627
-77.10505055,39.0587736
-77.0690333,39.05914022
-76.99248078,39.06171607
-77.05718321,39.06330059
-77.04671892,39.06744447
-77.1541227,39.06951989
-77.12271701,39.07008916
-76.98274207,39.0710369
-76.95416093,39.07336178
-77.21559725,39.07417608
-77.11723203,39.07549344
-77.11173524,39.07664
-77.13724473,39.07878094
-77.06821379,39.0791635
-76.94519314,39.07941412
-76.94632357,39.08105559
-76.94728378,39.08213838
-77.14895955,39.08282517
-76.93466047,39.08384932
-77.07784302,39.08388099
-77.11829958,39.08477213
-77.14819686,39.08516274
-77.15196931,39.0857024
-77.04352878,39.08746287
-77.06917221,39.09003884
-77.00212351,39.09043916
-77.22972468,39.09072627
-77.00131769,39.09103885
-77.15941139,39.09267578
-77.03769195,39.09282394
-77.06212393,39.09359188
-77.20622844,39.09689609
-76.93465928,39.09870068
-77.19239303,39.09939421
-77.2003057,39.10181932
-77.2003057,39.10181932
-77.22401157,39.10326077
-77.15636258,39.10397854
-77.06931296,39.1057846
-77.18690403,39.10656342
-77.14811,39.10793814
-76.9229757,39.10913166
-77.21434537,39.11124923
-77.21584506,39.11508794
-77.20080121,39.11741016
-77.189795,39.11756714
-77.21655551,39.11772005
-77.03408186,39.12058036
-77.18144275,39.12664883
-77.20733311,39.12990813
-77.23042623,39.13448932
-77.20556425,39.13478318
-77.35194785,39.13501299
-77.11949851,39.14010758
-77.17448897,39.14100333
-77.2209081,39.14258808
-77.22380116,39.14363038
-77.22384237,39.14371683
-77.20165015,39.14399238
-77.20378185,39.14573436
-77.27460667,39.14617169
-77.23292493,39.14766829
-77.09028405,39.14831585
-77.16185379,39.15145371
-77.19841338,39.15246141
-77.21217654,39.15266205
-77.19674675,39.15425719
-77.16384304,39.15470165
-77.16642683,39.1597199
-77.22488751,39.16238763
-77.22488751,39.16238763
-77.20054719,39.16254504
-77.24875734,39.16440314
-77.25294563,39.16454528
-77.23305922,39.17329815
-77.09976758,39.17887509
-77.27077505,39.18291649
-77.25479315,39.18436458
-77.2756941,39.18477081
-77.25961619,39.18484381
-77.18671931,39.18777439
-77.25835959,39.18869825
-77.24491824,39.19841751
-77.24491824,39.19841751
-77.24491824,39.19841751
-77.24601859,39.2046222
-77.28941165,39.22237486
-77.26886026,39.24327607
-77.21403006,39.27239293
-77.24904558,39.30687492
-77.24813606,39.31417098
-77.0931961,38.98225311
-77.0266433,38.98533958
-77.09736659,38.98891243
-77.09734584,38.98897026
-77.10185769,38.98934158
-77.02661141,38.9916456
-77.03646619,38.99220824
-77.05554747,38.99232664
-77.03600902,38.9924044
-77.0558893,38.99426656
-77.02813565,38.99608121
-77.00568197,38.99608348
-77.03631204,38.9961616
-77.12666983,38.99693169
-77.1265969,38.99693179
-76.99372617,38.99725417
-76.99372617,38.99725417
-76.99372617,38.99725417
-76.99372617,38.99725417
-77.12428615,38.99810274
-77.12420387,38.99813574
-77.03324598,38.99866356
-76.99537268,38.99959218
-77.12529251,39.00066353
-77.0774871,39.00392794
-76.99757354,39.00614475
-77.1308514,39.00628349
-77.00263134,39.01212198
-77.13737678,39.01400769
-77.13737678,39.01400769
-77.13737678,39.01400769
-77.0330565,39.01612799
-77.13569965,39.01621868
-77.03631193,39.01835223
-77.00792457,39.0186223
-77.12895533,39.02008172
-77.14664246,39.02197521
-77.14664246,39.02197521
-77.14664246,39.02197521
-76.99290729,39.02659313
-77.02170403,39.02687206
-77.07614545,39.02895656
-77.02228007,39.03139199
-77.048378,39.03199348
-76.98789273,39.03213225
-77.04190857,39.03300479
-77.02371794,39.03347847
-77.05163598,39.03738588
-77.05163598,39.03738588
-77.05233935,39.03845286
-77.05233935,39.03845286
-77.05089204,39.03870312
-76.99064597,39.03982783
-76.99051653,39.03982997
-77.15910803,39.04071271
-77.15905903,39.04072272
-76.97683124,39.04118219
-76.98504072,39.04130416
-77.05811639,39.04143149
-76.99197541,39.04554603
-77.04059379,39.04726654
-77.18563354,39.04805241
-77.10179388,39.04997444
-77.07483215,39.05164392
-76.95317842,39.05269731
-77.11914801,39.0529741
-77.04528159,39.05309287
-77.11666842,39.05315153
-77.14159126,39.0551233
-77.10287162,39.05714393
-77.1578282,39.05766589
-77.05002379,39.05806645
-77.04889229,39.05856627
-77.14580512,39.05923707
-77.05029463,39.05944412
-77.13062193,39.06016083
-77.12263894,39.06026145
-77.04497453,39.06055428
-77.1248004,39.06274695
-77.28325936,39.06513857
-77.0303862,39.06650419
-77.06481996,39.07247767
-77.0083774,39.07313846
-77.04260306,39.07362448
-77.04580795,39.07489986
-77.07440873,39.07853224
-77.08079191,39.07890735
-77.07784302,39.08388099
-77.1499773,39.08409294
-77.13623089,39.08540686
-77.04467136,39.08885641
-77.20857066,39.09194438
-77.03769195,39.09282394
-77.01147439,39.09753707
-76.94413024,39.09828773
-77.17830614,39.0991001
-77.14811,39.10793814
-77.23528052,39.11178148
-77.16816607,39.11524652
-76.99002918,39.11718267
-77.21655551,39.11772005
-77.20315515,39.11784299
-77.23866436,39.12204672
-77.21037713,39.12328776
-77.20451171,39.12593037
-76.92026768,39.13033788
-77.22192413,39.14008532
-77.13770917,39.14133993
-77.23565158,39.14358993
-77.05532859,39.14572683
-77.20189299,39.14694825
-77.21817155,39.14799561
-77.20682807,39.14845109
-77.02678321,39.14959798
-77.20911504,39.15017221
-77.20405895,39.15067674
-77.20405895,39.15067674
-77.20405895,39.15067674
-77.20114092,39.1549495
-77.07107513,39.15756625
-77.16392905,39.15843136
-77.263533,39.16707638
-77.20831911,39.16804926
-77.1614025,39.16958215
-77.15939553,39.17073096
-77.16122101,39.17206495
-77.17856373,39.17226543
-77.25264887,39.17481802
-77.27119347,39.17755113
-77.26171377,39.1779935
-77.26734863,39.17883254
-77.26835725,39.18210792
-77.26359052,39.18298451
-77.23885283,39.18342046
-77.1911385,39.18572492
-77.26592378,39.18592197
-77.29914397,39.1879375
-77.24491824,39.19841751
-77.24491824,39.19841751
-77.17189366,39.2090867
-77.08576633,38.96085306
-77.09304284,38.97995244
-77.09606285,38.98817498
-77.02396511,38.99025723
-77.02664,38.99063996
-77.0103031,38.99107277
-77.01355408,38.99127846
-77.025862,38.99168667
-77.01664836,38.99193359
-77.02667333,38.99341888
-77.02686322,38.99456787
-77.02446204,38.99538517
-77.09650357,38.99555562
-77.03962175,38.99603678
-77.08920512,38.99603946
-77.08920512,38.99603946
-77.00361045,38.9982705
-76.99823608,38.99886936
-77.12806787,38.99953055
-76.99576033,39.00249982
-77.02576461,39.00524488
-77.15971058,39.00668574
-77.12991415,39.00876668
-77.04271014,39.01562888
-77.04580271,39.01781706
-77.00792457,39.0186223
-77.01956174,39.02040827
-77.11368411,39.02264039
-76.98831861,39.02997677
-77.048378,39.03199348
-77.0015942,39.033496
-77.05163598,39.03738588
-76.99444307,39.03792976
-77.05233935,39.03845286
-76.99051653,39.03982997
-77.04309361,39.03993317
-77.05811639,39.04143149
-77.04795703,39.0433169
-77.04788819,39.04336279
-77.10277179,39.04696819
-77.10811702,39.04901723
-77.11666842,39.05315153
-77.05290894,39.05675668
-77.04780172,39.05907475
-77.08948498,39.05991116
-77.08153227,39.06039613
-77.0723664,39.06354895
-77.06101564,39.06620285
-77.16175202,39.06706905
-76.97068822,39.07070342
-77.04550134,39.07282058
-76.99496167,39.07390588
-77.11723203,39.07549344
-77.07647843,39.0804164
-76.94235603,39.08327275
-77.07784302,39.08388099
-77.23891233,39.0844778
-77.162494,39.08487086
-77.15196931,39.0857024
-77.17723729,39.08841987
-76.97082885,39.09270756
-77.19779149,39.09299981
-77.0367375,39.09343106
-77.08788779,39.09357027
-77.07950985,39.09633777
-77.16556477,39.09867267
-76.98711671,39.0993502
-77.1647955,39.10170686
-77.15441726,39.10508197
-77.00219466,39.10525796
-76.99155527,39.10589507
-76.9397226,39.10697135
-77.20491272,39.126422
-77.20976393,39.12727387
-77.19859469,39.12759097
-77.19713698,39.12759527
-77.12432851,39.13539481
-77.214788,39.1407696
-77.22448901,39.14181183
-77.22448901,39.14181183
-77.19637739,39.14185152
-77.15834795,39.1440288
-77.20274811,39.14488552
-77.20378185,39.14573436
-77.27610437,39.14727476
-77.1914314,39.15056121
-77.20405895,39.15067674
-77.09315561,39.15145999
-77.21217654,39.15266205
-77.19422771,39.15346537
-77.07097661,39.15414919
-77.2759149,39.15513178
-77.1930678,39.15514109
-77.27174655,39.15688382
-77.21106779,39.15887074
-77.22488751,39.16238763
-77.26551979,39.16249411
-77.26561977,39.16857324
-77.15938996,39.17062985
-77.2668234,39.17242882
-77.20829763,39.17414424
-77.2035549,39.1745633
-77.27119347,39.17755113
-77.27876148,39.17855374
-77.26849811,39.1802436
-77.23852438,39.18117091
-77.26359052,39.18298451
-77.26987516,39.18422824
-77.2723817,39.18458214
-77.25144617,39.18461193
-77.19500305,39.18614217
-77.17813815,39.18869766
-77.2297459,39.19221624
-77.24491824,39.19841751
-77.37777918,39.21893869
-77.28633053,39.22262395
-77.23772809,39.30061242
-77.13201738,38.97080564
-77.07241472,38.98400582
-77.08680249,38.98593962
-77.09870973,38.98609199
-77.08822324,38.98827259
-77.08822324,38.98827259
-77.08725901,38.98837303
-77.09176451,38.9885742
-77.0001035,38.98917097
-77.01091797,38.99004388
-77.02904564,38.99005668
-77.08944058,38.99010224
-77.08963761,38.99286589
-77.02667333,38.99341888
-77.0876186,38.99368328
-77.03157952,38.99393828
-77.08832655,38.99459147
-77.09231057,38.99478651
-77.09257982,38.99535977
-77.08905835,38.99546057
-77.08920512,38.99603946
-77.08920512,38.99603946
-77.02813565,38.99608121
-77.02813565,38.99608121
-77.03631204,38.9961616
-77.02190889,38.99714787
-77.02974722,38.99755417
-77.02464531,38.99790271
-77.03066738,38.99826612
-77.0287483,38.99843827
-77.00820899,39.00825861
-76.9827177,39.01183785
-77.02528198,39.0187333
-77.01270713,39.02034972
-77.01270713,39.02034972
-77.01086331,39.02129744
-77.14664246,39.02197521
-76.99094684,39.02629637
-77.04348085,39.03248237
-76.98973986,39.03778413
-77.0640508,39.03832181
-76.99064597,39.03982783
-77.13881589,39.04092519
-76.98127768,39.04163778
-76.97924578,39.04306594
-77.05205224,39.04313668
-77.05666265,39.04337256
-77.17173223,39.04379044
-76.96825989,39.05347811
-77.08370533,39.05538654
-77.08263495,39.05612863
-77.04885844,39.05670003
-77.05622887,39.06109958
-77.05025448,39.06325302
-77.03719585,39.06517139
-76.95362351,39.06564225
-76.97486451,39.06780397
-77.07535998,39.06791941
-77.06338356,39.07094962
-77.10913734,39.07180762
-77.07191964,39.07832734
-77.13724473,39.07878094
-77.08079191,39.07890735
-77.152808,39.08046654
-77.1728016,39.0832317
-77.11591033,39.08334694
-76.951062,39.08432557
-77.15949733,39.08436189
-77.15196931,39.0857024
-77.06917221,39.09003884
-76.99995589,39.09048328
-77.07979606,39.09203135
-76.9480307,39.09743467
-77.21924387,39.09743868
-76.98422182,39.09908049
-77.20114678,39.1002246
-77.19536473,39.10125289
-76.92642045,39.10179252
-77.17716794,39.10192449
-77.14211007,39.10259786
-77.17122561,39.10527449
-77.14811,39.10793814
-77.15228569,39.10804455
-77.18654798,39.11326965
-77.17055508,39.11335267
-77.01468609,39.11412814
-77.01468609,39.11412814
-77.16441079,39.11456567
-77.20547359,39.11718009
-77.17367259,39.11734982
-77.18259069,39.11888436
-77.20171817,39.12079916
-76.98522481,39.12219741
-77.18514766,39.12788841
-77.19223894,39.13586244
-77.21769366,39.14168906
-77.19335601,39.14218183
-77.19334619,39.14223101
-77.14529341,39.14272216
-77.21993322,39.14545289
-77.06697637,39.14837871
-77.28015874,39.14948187
-77.20405895,39.15067674
-77.20405895,39.15067674
-77.06216882,39.15081171
-77.17225467,39.15226566
-77.16384304,39.15470165
-77.20973081,39.15474655
-77.20206574,39.15803119
-77.25073137,39.16094851
-77.06863999,39.17070549
-77.16392621,39.17271353
-77.2592579,39.17510165
-77.27119347,39.17755113
-77.20986838,39.17786911
-77.26229019,39.18114399
-77.2756941,39.18477081
-77.18948515,39.20957466
-77.24256496,39.23432135
-77.22697062,39.26261219
-77.20502444,39.26691064
-77.20179886,39.28770449
-77.10793133,38.95246272
-77.0862487,38.96191471
-77.0721308,38.97602645
-77.08673553,38.97714656
-77.09499155,38.97833496
-77.06027584,38.98182327
-77.0266433,38.98533958
-77.0266433,38.98533958
-77.02670816,38.98656788
-77.02904564,38.99005668
-77.02904564,38.99005668
-77.02664,38.99063996
-77.02780961,38.99156644
-77.02404349,38.9917425
-77.00120235,38.99396156
-77.02803668,38.99454518
-77.02800101,38.99455215
-77.02916275,38.99543874
-77.02916275,38.99543874
-77.04222272,38.99552688
-77.02813565,38.99608121
-77.02813565,38.99608121
-77.00568197,38.99608348
-77.02544423,38.99687705
-76.99185262,38.99727618
-76.99185262,38.99727618
-76.99160947,38.99976988
-77.00635218,39.00019437
-77.03630622,39.00159472
-77.04785097,39.0180942
-77.0842762,39.02386323
-77.08020866,39.02724788
-77.04794441,39.03470305
-77.04837359,39.03653824
-77.05163598,39.03738588
-76.9949881,39.03843036
-77.05233935,39.03845286
-77.05089204,39.03870312
-77.16450706,39.04146511
-77.05171776,39.041536
-77.1297215,39.0422347
-77.09383015,39.04297944
-77.04788819,39.04336279
-77.06851828,39.04423503
-76.97645645,39.04712382
-77.08265862,39.05617996
-77.11810371,39.05773407
-77.11810371,39.05773407
-77.04889229,39.05856627
-77.04889229,39.05856627
-77.05115301,39.06022455
-77.09168528,39.06177326
-77.05477727,39.06306394
-77.0948307,39.06313919
-77.0835168,39.06526032
-77.11477102,39.06616455
-77.02480638,39.06727983
-77.11968024,39.07060759
-77.07083734,39.07754475
-76.93309299,39.08014235
-76.93309299,39.08014235
-77.23634915,39.08152411
-77.17740355,39.08336661
-77.07784302,39.08388099
-77.04458717,39.08480503
-77.16760867,39.08562501
-76.94936828,39.08774745
-77.07664793,39.08796554
-77.2360917,39.08870131
-76.93687332,39.08908959
-76.95086657,39.08961562
-77.15941139,39.09267578
-77.10200243,39.09316511
-77.13421985,39.09367334
-77.19046795,39.10499751
-77.22545708,39.10517215
-77.19711721,39.11419382
-77.19711721,39.11419382
-77.20168803,39.11461027
-77.20388469,39.11575942
-77.16896705,39.11722836
-77.21655551,39.11772005
-77.22760036,39.13461828
-77.20801218,39.1370366
-77.20957488,39.14046964
-77.11960729,39.14101309
-77.2209081,39.14258808
-77.08359824,39.14442214
-77.18498189,39.14645615
-77.23292493,39.14766829
-77.20405895,39.15067674
-77.20405895,39.15067674
-77.19018437,39.15139846
-77.26104396,39.155425
-77.40197724,39.15558998
-77.28485183,39.15670231
-77.19550328,39.15680371
-77.26707579,39.15968852
-77.17503063,39.16302726
-77.21815022,39.1683655
-77.20844332,39.17235208
-77.15665741,39.17583744
-77.29446651,39.17739241
-77.26171377,39.1779935
-77.21322868,39.17891673
-77.23836605,39.1813695
-77.2602523,39.18210579
-77.27086068,39.18293884
-77.26359052,39.18298451
-77.23449515,39.18317609
-77.26987516,39.18422824
-77.20671805,39.18504197
-77.26561867,39.18552751
-77.23968056,39.18555927
-77.20434893,39.18924656
-77.24286016,39.19459716
-77.24491824,39.19841751
-77.24491824,39.19841751
-77.2602498,39.20299595
-77.26396127,39.20312602
-77.21290473,39.20524348
-77.144055,39.21188679
-77.26503628,39.21250333
-77.25845925,39.21663532
-77.26477722,39.22544204
-77.26477722,39.22544204
-77.17125537,39.26403952
-77.20456238,39.29414515
-77.19650845,39.30191323
-77.21421032,39.32950171
-77.12730799,38.95549331
-77.09101774,38.96349208
-77.12200008,38.97311772
-77.0721308,38.97602645
-77.16101702,38.97869599
-77.1165124,38.97923569
-77.09405508,38.98414049
-77.02667188,38.98807067
-77.02780961,38.99156644
-77.02404349,38.9917425
-77.0992203,38.9925114
-77.03631204,38.9961616
-77.02190889,38.99714787
-77.00098386,38.9984371
-77.00045465,39.00073244
-76.98709329,39.00127006
-77.00819917,39.01042728
-77.00263134,39.01212198
-77.0168023,39.01255494
-77.02481463,39.02047757
-77.14664246,39.02197521
-77.13059484,39.02322146
-77.18098849,39.02525209
-77.02104323,39.02567657
-77.00346278,39.03255222
-77.07053955,39.03479447
-77.06827302,39.0352256
-77.05163598,39.03738588
-77.05163598,39.03738588
-77.05976886,39.03762051
-76.98973986,39.03778413
-77.05546538,39.04000343
-77.05546538,39.04000343
-77.05546538,39.04000343
-77.09171656,39.04050891
-77.12192731,39.04123722
-77.04932401,39.04148003
-76.98096047,39.04502471
-76.98502907,39.04551401
-77.05722521,39.04896439
-77.07483215,39.05164392
-76.95319202,39.05258491
-77.07002665,39.05261981
-77.11666842,39.05315153
-77.11666842,39.05315153
-77.11666842,39.05315153
-77.05002379,39.05806645
-77.05002379,39.05806645
-77.12852405,39.0672669
-77.17014575,39.06984268
-77.11550457,39.07496447
-77.05342208,39.07532269
-77.15085095,39.07753285
-77.08090003,39.07766701
-77.13630812,39.07859969
-77.20580417,39.07943345
-77.08447803,39.08032871
-76.93626478,39.08199455
-76.94462979,39.0820036
-77.15681792,39.08378117
-77.11829958,39.08477213
-76.94028403,39.08602931
-77.15073325,39.08825267
-77.0462089,39.089165
-77.06948891,39.08924139
-77.15333267,39.09419
-76.9480307,39.09743467
-77.19239303,39.09939421
-76.95030449,39.10029256
-77.06575578,39.10849534
-76.94916364,39.1108237
-77.23528052,39.11178148
-77.23528052,39.11178148
-77.18654798,39.11326965
-77.1655743,39.11361785
-77.19711721,39.11419382
-77.20388469,39.11575942
-77.17765982,39.12256106
-77.23573365,39.12315147
-77.07299015,39.12391395
-77.22969563,39.1300892
-77.19115948,39.13766406
-77.15836313,39.13844626
-77.19899561,39.14174051
-77.21754241,39.14197057
-77.18612097,39.14491899
-77.21993322,39.14545289
-77.20765652,39.14897037
-77.20405895,39.15067674
-77.19841338,39.15246141
-77.20973081,39.15474655
-77.20973081,39.15474655
-77.26380334,39.15647609
-77.1985071,39.15853519
-77.21575244,39.16079527
-77.28718798,39.16486125
-77.25817071,39.16856198
-77.20929319,39.16940653
-77.19087563,39.17084873
-77.2036566,39.17268547
-77.2380546,39.17547395
-77.23812186,39.17548792
-77.06458266,39.17730716
-77.23849257,39.17854126
-77.26734863,39.17883254
-77.25049529,39.17996026
-77.26239545,39.18117282
-77.26176488,39.18403195
-77.2688407,39.18689506
-77.23822393,39.18714138
-77.22766899,39.19058127
-77.24752596,39.19220361
-77.27427562,39.19418273
-77.27573322,39.1965221
-77.24491824,39.19841751
-77.24199359,39.19919648
-77.2385701,39.20055759
-77.25767078,39.20328004
-77.2457449,39.20332881
-77.26293631,39.2039542
-77.15545118,39.27398671
-77.10422408,38.95450119
-77.09069849,38.97720901
-77.09384571,38.98362768
-77.09597671,38.98580018
-77.02959872,38.98696707
-77.02381191,38.98789504
-77.09734584,38.98897026
-77.02661141,38.9916456
-77.09407013,38.99198587
-77.02665356,38.99298669
-77.02813565,38.99608121
-77.02699356,38.99770109
-77.01393229,39.00564882
-77.17025436,39.00647156
-76.98192077,39.00706415
-76.9840946,39.00881431
-77.0573006,39.01122327
-76.99622761,39.01312957
-77.10615942,39.01434732
-76.97686686,39.01524051
-77.04994015,39.0187633
-76.98146081,39.01879369
-76.97053304,39.0215653
-77.09728561,39.02197759
-76.97724766,39.02231887
-76.97749199,39.02232283
-77.07640734,39.02260912
-76.99094684,39.02629637
-77.03775371,39.02924864
-77.17818518,39.03178384
-77.1183679,39.0343124
-77.11425345,39.03629984
-77.05163598,39.03738588
-77.05163598,39.03738588
-77.05089204,39.03870312
-77.11396824,39.04047152
-77.05189082,39.04148146
-77.06063763,39.0423889
-77.11340831,39.04337495
-77.11790951,39.04370756
-77.06843234,39.04423494
-77.02870443,39.04425304
-77.11171598,39.04484324
-76.99197541,39.04554603
-77.11272132,39.04688746
-76.98064197,39.04846207
-77.10811702,39.04901723
-77.11429193,39.04950569
-77.05134041,39.05168212
-77.07456388,39.05366958
-77.18333319,39.0541684
-76.96659843,39.05515165
-77.21273899,39.05786343
-77.12141108,39.05882684
-77.12263894,39.06026145
-77.12263894,39.06026145
-77.08159706,39.0603545
-77.11725269,39.06275607
-77.03719585,39.06517139
-77.0640317,39.06852592
-76.95257183,39.0699361
-77.13207938,39.07097886
-77.13996929,39.07150438
-77.08355192,39.07486345
-77.08064088,39.07644711
-77.09735565,39.07663357
-77.16181418,39.07867956
-77.08058037,39.08022639
-77.06029294,39.08033115
-77.152808,39.08046654
-76.93855621,39.08303061
-77.39134839,39.08410378
-77.15092712,39.08507731
-77.15196931,39.0857024
-77.07392189,39.08686653
-76.95858471,39.08691011
-77.12281802,39.09297769
-77.12281802,39.09297769
-77.14118837,39.0939903
-76.93143698,39.09431596
-77.07580963,39.10371722
-76.9220692,39.1047397
-77.2082798,39.10611399
-77.05837861,39.10753733
-77.14811,39.10793814
-77.23528052,39.11178148
-77.23528052,39.11178148
-77.15988328,39.11436696
-77.00828937,39.11470235
-77.21131972,39.1239977
-77.23505256,39.12410267
-77.18144275,39.12664883
-77.34680065,39.12841116
-77.2517573,39.13141852
-77.23212688,39.13141906
-77.19223894,39.13586244
-77.20660708,39.13851771
-77.15039484,39.13992137
-77.20904194,39.14048457
-77.21754241,39.14197057
-77.27460667,39.14617169
-77.23789347,39.14832874
-77.15733328,39.14998617
-77.20911504,39.15017221
-77.05096503,39.15018951
-77.20405895,39.15067674
-77.20405895,39.15067674
-77.19841338,39.15246141
-77.26758935,39.15787376
-77.26852375,39.16016735
-77.20210478,39.16018125
-77.09118563,39.16065135
-77.20323553,39.16347769
-77.20523315,39.16526155
-77.25204832,39.16566702
-77.23786878,39.16805307
-77.17600391,39.16907401
-77.28644025,39.17098598
-77.20219228,39.17420317
-77.24091137,39.17530107
-77.24392736,39.18060572
-77.23852438,39.18117091
-77.20981781,39.18310933
-77.21381771,39.18343478
-77.18752265,39.18527127
-77.18153416,39.1869139
-77.22019602,39.18994186
-77.26565305,39.19268573
-77.23501869,39.2282274
-77.08901413,39.22930023
-77.09982893,39.23513477
-77.08576633,38.96085306
-77.10334793,38.97191184
-77.14243673,38.97211356
-77.12604191,38.9756019
-77.09611469,38.98214781
-77.09384571,38.98362768
-77.02550503,38.98580471
-77.02959872,38.98696707
-77.10109057,38.98728544
-77.09534166,38.98959558
-77.09569437,38.99125585
-77.02409569,38.99170053
-77.02404349,38.9917425
-77.19494715,38.99261393
-77.03157952,38.99393828
-77.04566764,38.99498613
-77.02446204,38.99538517
-77.03631204,38.9961616
-77.03033928,38.99621979
-77.01510483,38.99737945
-77.02979931,38.99754832
-77.02699356,38.99770109
-77.02574941,39.00010114
-77.01189804,39.00402168
-77.12851996,39.00420791
-77.06329799,39.0055725
-77.08678137,39.0128721
-77.10025991,39.01446579
-76.99234294,39.01960635
-77.01270713,39.02034972
-77.14664246,39.02197521
-77.13499638,39.02203743
-77.1235256,39.02246257
-77.12768241,39.02679178
-77.00603453,39.03005851
-77.12644408,39.03006539
-77.04987843,39.03051698
-77.0769219,39.03376806
-77.16915298,39.03400419
-77.17277233,39.03424621
-77.17417024,39.03617544
-77.05163598,39.03738588
-77.05163598,39.03738588
-77.05163598,39.03738588
-77.05976886,39.03762051
-77.05233935,39.03845286
-76.99248995,39.03878576
-76.99064597,39.03982783
-76.99051653,39.03982997
-77.05546538,39.04000343
-77.05550434,39.04006364
-77.0515436,39.04096743
-77.11002854,39.04114325
-77.05205224,39.04313668
-77.11171598,39.04484324
-77.04794028,39.04491195
-76.98096047,39.04502471
-77.14403318,39.04547948
-77.07217141,39.04664876
-77.05207598,39.04712823
-77.0510592,39.0526766
-77.0510592,39.0526766
-77.0510592,39.0526766
-77.08263495,39.05612863
-77.11900378,39.05874327
-77.00633287,39.05927737
-77.13062193,39.06016083
-77.16090329,39.06151121
-76.9658132,39.06344033
-77.12089104,39.07220056
-77.18221237,39.07506601
-76.97183437,39.07641443
-77.13088951,39.07761787
-77.07191964,39.07832734
-77.08079191,39.07890735
-76.93994991,39.07899815
-77.07447584,39.08016949
-77.00120591,39.08049463
-77.12455331,39.08115937
-76.94462979,39.0820036
-76.94462979,39.0820036
-76.93129328,39.08443089
-77.11829958,39.08477213
-77.14819686,39.08516274
-76.99965961,39.08558732
-77.15196931,39.0857024
-76.94028403,39.08602931
-77.06283562,39.08774345
-76.94936828,39.08774745
-76.94936828,39.08774745
-76.94936828,39.08774745
-77.15073325,39.08825267
-77.20656188,39.08935514
-77.12296858,39.09282098
-76.93353996,39.09566113
-77.00164423,39.09735085
-77.21207599,39.10107958
-76.92759783,39.10177187
-77.05055165,39.10201184
-76.97981336,39.10777007
-77.23413306,39.11369494
-77.21584506,39.11508794
-77.20388469,39.11575942
-77.19858041,39.11696828
-77.18259069,39.11888436
-77.18400355,39.12038952
-77.20171817,39.12079916
-76.98880162,39.12108672
-77.23573365,39.12315147
-77.18408932,39.12508288
-77.20733311,39.12990813
-77.22870269,39.13119537
-77.1991198,39.13758107
-77.11949851,39.14010758
-77.22448901,39.14181183
-77.06752346,39.1427712
-77.18878015,39.14328947
-77.23345584,39.14600781
-77.22834655,39.14605875
-77.27550477,39.14653775
-77.21818299,39.14794796
-77.1914314,39.15056121
-77.20405895,39.15067674
-77.25430843,39.15423651
-77.19674675,39.15425719
-77.20335881,39.15712809
-77.21355902,39.15779161
-77.17022452,39.1579381
-77.1985071,39.15853519
-77.3083964,39.1596767
-77.19998423,39.15994695
-77.26852375,39.16016735
-77.14424672,39.1612336
-77.30616302,39.16341764
-77.28718798,39.16486125
-77.28718798,39.16486125
-77.1875417,39.16969645
-77.20398587,39.17086015
-77.15708295,39.17104308
-77.27119347,39.17755113
-77.19791698,39.17829069
-77.20990302,39.17930213
-77.26164675,39.18398793
-77.21100721,39.18432239
-77.28009172,39.18973064
-77.26800877,39.19011143
-77.03516954,39.19432564
-77.27573322,39.1965221
-77.24491824,39.19841751
-77.24491824,39.19841751
-77.245976,39.20434723
-77.26477722,39.22544204
-77.25232735,39.22624903
-77.239683,39.23361359
-77.15999302,38.97398909
-77.09715198,38.98647045
-77.10029144,38.98840241
-76.99816828,38.98849415
-77.09736659,38.98891243
-77.09734584,38.98897026
-77.09885063,38.98987209
-77.05837024,38.99021261
-77.05846069,38.99088956
-77.01396557,38.99210208
-77.00900811,38.993731
-77.03632345,38.99458508
-77.05845919,38.99472039
-77.10878349,38.99516548
-77.02446204,38.99538517
-77.02446204,38.99538517
-77.03327347,38.99668416
-77.02543246,38.99685494
-76.99046561,38.99699581
-77.02699356,38.99770109
-77.00361045,38.9982705
-77.00107423,38.9984957
-76.98936586,38.99909434
-77.03342073,39.00092066
-76.98709329,39.00127006
-76.98335678,39.00613837
-77.15698325,39.00837571
-77.0330565,39.01612799
-76.97388953,39.01873647
-76.97388953,39.01873647
-77.14664246,39.02197521
-77.14664246,39.02197521
-77.14664246,39.02197521
-77.12768241,39.02679178
-77.13903801,39.02778217
-77.11977285,39.02791824
-77.09821837,39.02829795
-76.9832136,39.02871626
-77.1631952,39.03055389
-77.00206464,39.03228329
-77.07491977,39.03276123
-77.17098648,39.03287931
-77.04915948,39.03425601
-77.09669919,39.03571231
-77.09739031,39.03711126
-77.05163598,39.03738588
-77.05163598,39.03738588
-77.02382427,39.03845056
-77.05233935,39.03845286
-77.05157907,39.03859391
-77.05089204,39.03870312
-77.05089204,39.03870312
-77.04870665,39.03908279
-77.04868961,39.03915459
-76.99064597,39.03982783
-77.05274147,39.040076
-77.05274147,39.040076
-77.05970149,39.04118575
-77.04823798,39.04134953
-77.05035594,39.0416033
-77.05035594,39.0416033
-77.0435486,39.04211706
-76.98096047,39.04502471
-77.05204036,39.04716297
-76.95317842,39.05269731
-76.95317842,39.05269731
-77.07659091,39.05275775
-77.07279556,39.05292523
-77.11666842,39.05315153
-76.96659843,39.05515165
-77.18107885,39.05530333
-77.0814093,39.05692526
-77.05548415,39.05836539
-77.04889229,39.05856627
-76.97488568,39.05973982
-76.94210569,39.06133434
-77.12177484,39.0620071
-77.12852405,39.0672669
-77.09444511,39.07464292
-77.04580795,39.07489986
-77.00192484,39.07573962
-77.10035081,39.07613726
-77.04615453,39.07745653
-77.23301412,39.08038485
-77.2431212,39.08155254
-77.15196931,39.0857024
-77.07983174,39.08868568
-77.1722895,39.09383388
-77.21526139,39.09618997
-77.18958956,39.09889033
-77.19239303,39.09939421
-77.2003057,39.10181932
-77.19470244,39.10506919
-77.16757352,39.11282916
-77.23194141,39.12280018
-77.20451171,39.12593037
-77.18279934,39.12600854
-77.20953456,39.1274282
-77.19183894,39.1355129
-77.163202,39.13929638
-77.20957488,39.14046964
-77.16557923,39.14423537
-77.05065492,39.14662198
-77.19026547,39.15018951
-77.20405389,39.15057218
-77.20405895,39.15067674
-77.19603305,39.15235073
-77.07728428,39.15299197
-77.17448757,39.15320014
-77.0983094,39.15349519
-77.19674675,39.15425719
-77.19297607,39.15428016
-77.09636455,39.15542697
-77.30183069,39.15580958
-77.26608654,39.16089226
-77.05242496,39.16411271
-77.23465571,39.1693971
-77.27720281,39.17158345
-77.04336152,39.17266691
-77.07938357,39.17516924
-77.24098726,39.17527874
-77.23849257,39.17854126
-77.19093095,39.18170109
-77.18116476,39.18358568
-77.26176488,39.18403195
-77.18744023,39.18533654
-77.19527036,39.18571604
-77.23327997,39.19216262
-77.269647,39.19796769
-77.26659628,39.218944
-77.28815448,39.22988334
-77.36271439,39.23347997
-77.19238332,39.24424468
-77.27115862,39.2455808
-77.09571042,38.98096244
-77.06932984,38.98321516
-77.0266433,38.98533958
-77.16860592,38.98586388
-77.05310677,38.99236695
-77.05907454,38.99319231
-77.02813565,38.99608121
-77.00190111,38.99670467
-77.00029227,38.99687286
-76.99046561,38.99699581
-77.02088681,38.99807918
-77.00098386,38.9984371
-77.0261708,38.99903963
-76.99537268,38.99959218
-77.03342073,39.00092066
-77.00996098,39.00098255
-77.2064152,39.00108896
-76.99613371,39.00153042
-76.99576033,39.00249982
-77.0774871,39.00392794
-77.02663102,39.00419101
-77.02281666,39.00533407
-77.10025991,39.01446579
-76.97686686,39.01524051
-77.05261332,39.01579767
-77.09314551,39.02111994
-76.97081824,39.02269642
-77.05163598,39.03738588
-77.05163598,39.03738588
-77.07622799,39.03799668
-77.05233935,39.03845286
-77.05089204,39.03870312
-77.05089204,39.03870312
-77.05089204,39.03870312
-77.15734159,39.03998107
-77.05274147,39.040076
-77.0513237,39.04012149
-77.05270552,39.04012563
-77.05270552,39.04012563
-77.05270552,39.04012563
-77.05811639,39.04143149
-77.05171776,39.041536
-77.05205224,39.04313668
-76.99197541,39.04554603
-77.07492747,39.0458432
-77.07490199,39.05165594
-77.15949829,39.05501619
-77.11825714,39.05508065
-76.96659843,39.05515165
-77.08265862,39.05617996
-77.08265862,39.05617996
-77.04885844,39.05670003
-77.04497453,39.06055428
-77.16885892,39.06671178
-76.9474766,39.07054843
-77.06337858,39.07088527
-77.06338356,39.07094962
-76.96170345,39.07389188
-76.95100603,39.0739211
-77.00195743,39.07579763
-77.14017096,39.07759041
-76.94394049,39.08198029
-76.94235603,39.08327275
-77.13031631,39.08384808
-76.951062,39.08432557
-77.16672439,39.0855203
-77.13438064,39.08557053
-77.15196931,39.0857024
-77.07905045,39.08625373
-77.07664793,39.08796554
-77.15073325,39.08825267
-77.08222246,39.09015483
-77.05370441,39.09038577
-76.93110178,39.09228055
-77.20114678,39.1002246
-76.93731434,39.10045883
-76.92401399,39.10120004
-77.05480508,39.10488756
-77.07598159,39.10954023
-76.99673687,39.10988083
-77.18654798,39.11326965
-76.94195504,39.11335113
-77.25003453,39.11701353
-77.18008656,39.120545
-77.23194141,39.12280018
-77.41178354,39.12363306
-77.23155227,39.12365887
-77.19995869,39.12663403
-77.20542375,39.12683819
-77.1675827,39.12886713
-76.99290287,39.131478
-77.25766855,39.13289303
-77.20667424,39.13438018
-77.19183894,39.1355129
-77.20957488,39.14046964
-77.1602538,39.14126193
-77.19637739,39.14185152
-77.18148697,39.14192737
-77.18992307,39.14207234
-77.18878015,39.14328947
-77.23856514,39.14400547
-77.19085868,39.14652849
-77.20765652,39.14897037
-77.06349671,39.14991529
-77.20405895,39.15067674
-77.20405895,39.15067674
-77.20405895,39.15067674
-77.29456751,39.15138052
-77.07550708,39.15234958
-77.19841338,39.15246141
-77.14167712,39.15362864
-77.05696073,39.15422682
-77.26300285,39.1572775
-77.20206574,39.15803119
-77.05745642,39.1588823
-77.2071956,39.15972713
-77.07124384,39.16168401
-77.25010231,39.16341063
-77.24229343,39.16408356
-77.24229343,39.16408356
-77.18943298,39.16924874
-77.27876148,39.17855374
-77.18288123,39.17855662
-77.26239545,39.18117282
-77.26954784,39.18142552
-77.2652249,39.18213243
-77.26359052,39.18298451
-77.26359052,39.18298451
-77.19527036,39.18571604
-77.27779468,39.18956794
-77.20164819,39.19070523
-77.27589171,39.19103527
-77.05160593,39.19114738
-77.27605228,39.19312134
-77.27605228,39.19312134
-77.24549769,39.19788027
-77.24491824,39.19841751
-77.25303739,39.20199488
-77.245976,39.20434723
-77.09059158,39.20783981
-77.0862487,38.96191471
-77.09874186,38.97803754
-77.22202157,38.98469707
-77.09768857,38.98474676
-77.09768857,38.98474676
-77.09768857,38.98474676
-77.10334438,38.98729671
-77.02667188,38.98807067
-77.02794118,38.9889085
-77.11887359,38.99091868
-77.08953867,38.99145958
-77.04879264,38.99201417
-77.03669304,38.99456904
-77.10878349,38.99516548
-77.04222272,38.99552688
-77.05129348,38.99765731
-76.98985716,39.00044181
-77.09722903,39.00263001
-77.10041717,39.00578823
-77.16041448,39.01539672
-76.99928181,39.01712479
-77.04352552,39.01795023
-76.9766814,39.0204213
-77.14664246,39.02197521
-77.14664246,39.02197521
-77.15010128,39.0226576
-77.10308899,39.02432649
-77.13922056,39.02635923
-77.07662335,39.02751497
-77.04772896,39.03005097
-77.0015942,39.033496
-77.04988426,39.03622162
-77.05837212,39.03650754
-77.05163598,39.03738588
-77.05163598,39.03738588
-77.05163598,39.03738588
-76.99248995,39.03878576
-76.98504072,39.04130416
-77.05035594,39.0416033
-77.11047891,39.04188526
-77.11040133,39.04191321
-76.98096047,39.04502471
-76.98096047,39.04502471
-77.20437726,39.04586557
-77.00000761,39.04629008
-77.10277179,39.04696819
-77.04273299,39.04724161
-77.11696786,39.04902661
-77.06003755,39.04961517
-76.95317842,39.05269731
-76.95317842,39.05269731
-77.11666842,39.05315153
-77.1135253,39.05319605
-77.10311259,39.05362069
-77.12017537,39.05460142
-77.10912328,39.05611128
-77.08263495,39.05612863
-76.99696957,39.05685351
-77.05716807,39.05696805
-77.12640626,39.05847592
-77.04780172,39.05907475
-76.99847132,39.0616889
-77.04799403,39.06238875
-77.0948307,39.06313919
-76.98397028,39.06662482
-77.08099269,39.06713258
-77.1142492,39.06800918
-76.97972163,39.07270751
-77.11577769,39.07274057
-76.99224909,39.07459849
-77.08670804,39.07485699
-76.93042249,39.07666549
-77.08090003,39.07766701
-76.97266638,39.07958652
-77.14895955,39.08282517
-77.02659998,39.08344868
-77.07764908,39.08380963
-77.07784302,39.08388099
-76.951062,39.08432557
-77.14753107,39.086635
-77.13614397,39.09017302
-77.15333267,39.09419
-76.92438916,39.09703296
-76.97246966,39.09829702
-76.9413162,39.10072033
-76.9413162,39.10072033
-77.07739094,39.11200505
-77.18654798,39.11326965
-77.29857378,39.11635376
-77.16376431,39.11795984
-77.18601472,39.12354782
-77.19183894,39.1355129
-77.20165164,39.14393452
-77.18612097,39.14491899
-77.17373391,39.14647655
-77.06689887,39.14842949
-77.15425786,39.14983905
-77.20405895,39.15067674
-77.20405895,39.15067674
-77.20405895,39.15067674
-77.19841338,39.15246141
-77.21197909,39.15262855
-77.1528196,39.15313183
-77.26814628,39.1552995
-77.3083964,39.1596767
-77.19960095,39.16144462
-77.28833534,39.16155873
-77.28639931,39.16942483
-77.20438104,39.16973694
-77.28471299,39.17410432
-77.26641164,39.17484824
-77.26148357,39.17508547
-77.23812186,39.17548792
-77.27876148,39.17855374
-77.18767134,39.18089804
-77.26717054,39.181026
-77.26359052,39.18298451
-77.27606058,39.1831238
-77.21381771,39.18343478
-77.2756941,39.18477081
-77.23773833,39.18891641
-77.27779468,39.18956794
-77.11107573,38.9457098
-77.10473302,38.94995786
-77.09832423,38.95210919
-77.08720637,38.96379377
-77.09949983,38.9642646
-77.19058012,38.97975881
-77.09618921,38.98271766
-77.09454979,38.98599529
-77.02526224,38.98752947
-77.01656209,38.99074552
-77.02414221,38.99304842
-77.0266966,38.99339807
-76.99022225,38.9940298
-77.04222272,38.99552688
-77.0019618,38.99674791
-77.05333049,38.99702309
-76.99372617,38.99725417
-77.044429,38.9982176
-77.0287483,38.99843827
-77.12782301,39.00169772
-77.03543737,39.00215021
-76.99576033,39.00249982
-76.9995577,39.00787599
-77.0573006,39.01122327
-77.04273701,39.01571186
-77.06430645,39.02090618
-77.14664246,39.02197521
-77.05352658,39.0263708
-77.00206464,39.03228329
-77.02371794,39.03347847
-77.0015942,39.033496
-77.12291741,39.03376337
-77.03642741,39.03612714
-77.04988426,39.03622162
-77.04636565,39.03654678
-77.04636565,39.03654678
-77.05163598,39.03738588
-77.05163598,39.03738588
-76.9949881,39.03843036
-77.05233935,39.03845286
-77.05233935,39.03845286
-76.99064597,39.03982783
-76.99064597,39.03982783
-77.05546538,39.04000343
-77.10279072,39.04503333
-77.05722521,39.04896439
-76.95085068,39.05261445
-77.11666842,39.05315153
-77.08677346,39.05526429
-77.0790027,39.05535941
-77.04885844,39.05670003
-77.05303932,39.0567596
-77.13170435,39.0569675
-77.04889229,39.05856627
-77.09056011,39.06048915
-77.04497453,39.06055428
-77.05085675,39.06157788
-77.09153458,39.06209116
-77.12240793,39.06267781
-77.05477727,39.06306394
-77.04905074,39.0644411
-76.9511843,39.06681179
-77.1202508,39.07352351
-77.1202508,39.07352351
-77.11550457,39.07496447
-77.18221237,39.07506601
-77.11640796,39.07527911
-77.03438245,39.07564216
-77.12332486,39.07801577
-77.08079191,39.07890735
-77.0400865,39.07918007
-77.152808,39.08046654
-77.11829958,39.08477213
-77.09708969,39.09709952
-77.0911965,39.1007498
-76.93267206,39.10215919
-77.19071344,39.10351162
-77.25929984,39.10373912
-77.16216171,39.10374876
-76.99673687,39.10988083
-77.19711721,39.11419382
-77.19711721,39.11419382
-77.16628507,39.11566466
-76.99002918,39.11718267
-77.17052387,39.12806778
-77.20398143,39.13037787
-77.40161763,39.13856483
-77.2209081,39.14258808
-77.2209081,39.14258808
-77.18265089,39.14261353
-77.20165015,39.14399238
-77.18494048,39.14653124
-77.2235172,39.14919115
-77.1914314,39.15056121
-77.20405895,39.15067674
-77.20405895,39.15067674
-77.08935531,39.15497441
-77.21611137,39.15586458
-77.17016939,39.15620986
-77.08530331,39.1575255
-77.21817165,39.15787429
-77.19460599,39.15847887
-77.24926169,39.16309051
-77.17093208,39.16641438
-77.21261366,39.16735152
-77.21528619,39.17079106
-77.20398587,39.17086015
-77.18939125,39.17222012
-77.26977566,39.17239873
-77.26977566,39.17239873
-77.26977566,39.17239873
-77.26977566,39.17239873
-77.26878314,39.17612757
-77.24346182,39.1766808
-77.23849257,39.17854126
-77.26740597,39.17886244
-77.26740597,39.17886244
-77.26176387,39.17887768
-77.26954784,39.18142552
-77.26020126,39.18205125
-77.19305169,39.18240897
-77.27606058,39.1831238
-77.23422972,39.18328097
-77.26176488,39.18403195
-77.2756941,39.18477081
-77.15550044,39.1851841
-77.19500305,39.18614217
-77.24491824,39.19841751
-77.24549412,39.20236918
-77.2668754,39.20520755
-77.25925185,39.21833196
-77.25869766,39.21996235
-77.24356111,39.23442128
-77.24544857,39.23442344
-77.28129247,39.23459259
-77.26806391,39.2356713
-77.25733002,39.28301465
-77.25511262,39.30872273
-77.11914427,38.9468596
-77.11425454,38.95700595
-77.08654777,38.96017479
-77.08576633,38.96085306
-77.08576633,38.96085306
-77.02237091,38.98130112
-77.10516414,38.98187085
-77.08884077,38.98438508
-77.09422855,38.98469652
-77.03109943,38.98808209
-77.02393547,38.98827382
-77.09658537,38.98851983
-77.09734584,38.98897026
-77.08935528,38.98946026
-76.9934858,38.98993019
-77.02414221,38.99304842
-77.02414221,38.99304842
-76.99207377,38.99336788
-77.02415359,38.99441738
-77.02543246,38.99685494
-77.0287483,38.99843827
-77.03324598,38.99866356
-76.99823608,38.99886936
-77.03593529,38.99919594
-77.0744392,38.99952944
-77.10956021,39.00017485
-77.0774871,39.00392794
-77.12851996,39.00420791
-76.97934163,39.01318452
-76.98372884,39.01544111
-76.98599116,39.01579577
-77.05916956,39.01874156
-77.03883405,39.01978275
-77.01270713,39.02034972
-77.01270713,39.02034972
-77.04510744,39.0222249
-77.12871271,39.02363765
-77.04726008,39.02491385
-77.14758121,39.02717811
-77.11642435,39.02897531
-77.00603453,39.03005851
-76.98612615,39.03346441
-77.04988426,39.03622162
-77.12405964,39.03625045
-77.12405964,39.03625045
-77.05163598,39.03738588
-77.05163598,39.03738588
-77.05163598,39.03738588
-77.05163598,39.03738588
-77.05546538,39.04000343
-76.98504072,39.04130416
-77.04932401,39.04148003
-77.05870608,39.04168755
-77.11040133,39.04191321
-77.02356515,39.04226304
-77.11171598,39.04484324
-76.98064197,39.04846207
-77.10345775,39.04940238
-77.11429193,39.04950569
-77.06343311,39.05230145
-77.06272162,39.05272948
-77.11808164,39.05486472
-77.1136596,39.05602532
-77.08265862,39.05617996
-77.15421017,39.05631707
-76.98876071,39.05964416
-76.98867003,39.05968755
-76.97108011,39.05982326
-76.98540686,39.05983276
-77.08115574,39.062208
-77.0753957,39.06244321
-77.12240793,39.06267781
-77.11610768,39.06373341
-77.05364222,39.06387274
-77.15394593,39.06675039
-76.97409874,39.06893941
-77.1049017,39.06923353
-77.05634679,39.06981329
-76.95252268,39.07007032
-76.94923907,39.07105922
-76.98880556,39.07219771
-77.13563266,39.07439173
-77.00192484,39.07573962
-77.08079191,39.07890735
-77.08079191,39.07890735
-77.12239421,39.08111513
-77.14725991,39.08132538
-76.95355573,39.08193745
-77.11967049,39.08280632
-76.93855621,39.08303061
-77.11829958,39.08477213
-77.06069981,39.08647507
-76.94936828,39.08774745
-77.17862208,39.08881614
-77.15619396,39.08908954
-76.95734209,39.09106071
-76.98401752,39.09230357
-77.03769195,39.09282394
-77.18758937,39.09524703
-76.93792013,39.09576335
-77.15325381,39.09663688
-77.22461681,39.10033671
-77.24141128,39.10081006
-77.28415355,39.10370312
-77.27171985,39.10812826
-77.21326171,39.11051981
-77.23528052,39.11178148
-77.23528052,39.11178148
-77.17110965,39.11286359
-77.01453122,39.11418182
-77.16725337,39.11463457
-77.15408589,39.11738798
-77.21655551,39.11772005
-77.24408709,39.12124496
-77.15065662,39.12405264
-77.18279934,39.12600854
-77.24013273,39.13070859
-77.1802473,39.13913988
-77.20904194,39.14048457
-77.20904194,39.14048457
-77.22448901,39.14181183
-77.23548805,39.14188411
-77.19643536,39.14191034
-77.21655711,39.14437742
-77.19313096,39.14829196
-77.20405895,39.15067674
-77.20405895,39.15067674
-77.1827153,39.15068407
-77.18246581,39.15177926
-77.06222702,39.1518981
-77.19841338,39.15246141
-77.1528192,39.15317669
-77.2735583,39.1540821
-77.27829276,39.15688332
-77.26631665,39.15747556
-77.20791619,39.15966755
-77.20086564,39.1601214
-77.20484043,39.1621174
-77.20523315,39.16526155
-77.2079571,39.16683198
-77.17677774,39.17003078
-77.2015499,39.17509674
-77.24603042,39.17593616
-77.21551633,39.17617171
-77.26740597,39.17886244
-77.26740597,39.17886244
-77.24007864,39.17975293
-77.24392736,39.18060572
-77.27606058,39.1831238
-77.22879323,39.18401174
-77.15557711,39.18406798
-77.23639917,39.18665717
-77.24252383,39.19219994
-77.24117408,39.20207274
-77.25925185,39.21833196
-77.25869766,39.21996235
-77.26306203,39.22071677
-77.0598453,39.22158393
-77.2603877,39.2267074
-77.25462003,39.2342078
-77.22281288,39.25215489
-77.25511262,39.30872273
-77.19811666,39.31690297
-77.11764058,38.94533301
-77.11056385,38.94883851
-77.07715197,38.97160903
-77.12502953,38.97685453
-77.07198102,38.97788541
-77.0266433,38.98533958
-77.09878821,38.98749002
-77.01656209,38.99074552
-77.00049962,38.99140161
-77.02661141,38.9916456
-77.02409569,38.99170053
-77.03233957,38.99362032
-77.02803668,38.99454518
-77.03632345,38.99458508
-77.14852674,38.99575128
-76.99046561,38.99699581
-77.02707311,38.99768393
-77.00773583,38.99940627
-77.03188917,38.99952801
-76.98438916,39.00785872
-77.04706205,39.00842935
-77.13566137,39.0131969
-76.97686686,39.01524051
-76.98140337,39.01565123
-77.02138464,39.01802618
-77.14664246,39.02197521
-77.15010128,39.0226576
-77.12532141,39.02489476
-77.04662245,39.02677665
-77.08217595,39.02809628
-77.21007803,39.02996505
-77.05163598,39.03738588
-77.05163598,39.03738588
-77.05163598,39.03738588
-77.05089204,39.03870312
-77.05089204,39.03870312
-77.05089204,39.03870312
-77.05089204,39.03870312
-76.99248995,39.03878576
-76.98127768,39.04163778
-77.26046132,39.04412069
-77.1146062,39.04497267
-77.10279072,39.04503333
-77.14403318,39.04547948
-76.98502907,39.04551401
-77.10521255,39.0467127
-77.10277179,39.04696819
-77.05204036,39.04716297
-77.05391103,39.05049751
-77.09202735,39.05155023
-77.07009778,39.05260969
-77.11666842,39.05315153
-77.15383358,39.0553
-76.97127748,39.05613257
-77.05002379,39.05806645
-77.11900378,39.05874327
-77.09231802,39.05912637
-76.95883947,39.06158324
-77.28546143,39.06175563
-77.07196434,39.06196195
-77.05477727,39.06306394
-77.07453747,39.06581907
-77.1797853,39.06876175
-77.08405601,39.06979252
-77.11338591,39.07176855
-77.13193441,39.074523
-77.04310178,39.07452886
-77.18221237,39.07506601
-77.00203541,39.07574596
-77.14017096,39.07759041
-77.14017096,39.07759041
-76.93422161,39.07787053
-76.93994991,39.07899815
-76.93309299,39.08014235
-76.93309299,39.08014235
-77.07843514,39.08033016
-77.152808,39.08046654
-77.152808,39.08046654
-77.14730533,39.0813125
-76.9339247,39.08165071
-77.11532676,39.08165073
-76.93928375,39.08206014
-76.94728378,39.08213838
-77.14898958,39.08351755
-77.14748196,39.086613
-77.07983174,39.08868568
-77.19973061,39.10164919
-77.17716794,39.10192449
-76.94930117,39.10540387
-77.17114289,39.10900264
-76.93275234,39.11275352
-77.22712882,39.1144549
-77.08715782,39.11936056
-77.25041146,39.12585174
-77.19433861,39.12828987
-77.20733311,39.12990813
-77.39493088,39.13241532
-77.23042623,39.13448932
-77.19223894,39.13586244
-77.19982506,39.13695294
-77.20259574,39.138782
-77.39793675,39.13923234
-77.20497656,39.14010063
-77.19465735,39.14069255
-77.22854414,39.14070833
-77.152934,39.14072206
-77.21754241,39.14197057
-77.40874245,39.14222769
-77.18155026,39.14477287
-77.22834655,39.14605875
-77.18498189,39.14645615
-77.20405895,39.15067674
-77.20405895,39.15067674
-77.19841338,39.15246141
-77.20973081,39.15474655
-77.17022452,39.1579381
-77.16620774,39.1580812
-77.2528363,39.16182552
-77.26561977,39.16857324
-77.28639931,39.16942483
-77.15342532,39.17077356
-77.20176648,39.17251972
-77.19733261,39.17271459
-77.26020126,39.18205125
-77.2602523,39.18210579
-77.21381771,39.18343478
-77.18039651,39.18400472
-77.27375129,39.18629681
-77.24299484,39.19299421
-77.1979924,39.19705497
-77.24491824,39.19841751
-77.25214337,39.20906045
-77.26477722,39.22544204
-77.28226567,39.2434595
-77.19008059,39.24914658
-77.297729,39.2500337
-77.20189137,39.28494167
-77.12050197,38.95047776
-77.11951805,38.95096576
-77.12198881,38.95644435
-77.1163854,38.95670613
-77.08576633,38.96085306
-77.08903698,38.96208485
-77.09422884,38.97212318
-77.0266433,38.98533958
-77.08680249,38.98593962
-77.02353978,38.98779267
-77.09736659,38.98891243
-77.03223068,38.9890134
-77.03285797,38.98948442
-77.01355408,38.99127846
-77.02409569,38.99170053
-77.03600902,38.9924044
-77.10849346,38.99247469
-77.02414221,38.99304842
-77.04222272,38.99552688
-77.04371721,38.99589928
-77.02813565,38.99608121
-77.0319271,38.99610455
-77.02544423,38.99687705
-77.02979931,38.99754832
-77.02439177,38.99895854
-77.09690913,38.99957209
-77.01342309,38.99988351
-77.03119244,39.00023885
-76.98659083,39.00779994
-76.97896798,39.01145423
-77.12804042,39.02007747
-77.06430645,39.02090618
-77.07106809,39.02095464
-77.14664246,39.02197521
-77.14664246,39.02197521
-77.10556077,39.02288692
-77.12532141,39.02489476
-77.02751172,39.02510868
-77.14403343,39.02650131
-77.04804319,39.02796224
-76.9730633,39.03082043
-77.048378,39.03199348
-77.07491977,39.03276123
-77.02500756,39.03327692
-77.12147836,39.03608867
-77.05163598,39.03738588
-77.05163598,39.03738588
-77.05163598,39.03738588
-77.05233935,39.03845286
-77.0028561,39.03871864
-76.99064597,39.03982783
-76.98794782,39.04088812
-77.20151635,39.04177331
-77.05666265,39.04337256
-77.18568132,39.04465329
-76.99197541,39.04554603
-77.05213386,39.0456125
-77.05204036,39.04716297
-77.05204036,39.04716297
-77.05204036,39.04716297
-76.99284197,39.04772204
-77.11696786,39.04902661
-77.1139966,39.04902895
-77.16604237,39.04959487
-76.95083986,39.05255804
-77.12286528,39.05276654
-77.10686345,39.05349513
-77.10686345,39.05349513
-76.96659843,39.05515165
-77.10912328,39.05611128
-77.10700907,39.05669263
-77.12263894,39.06026145
-76.96354247,39.0605456
-77.08110497,39.06296714
-77.09329346,39.06320021
-76.98131853,39.06452202
-76.94589265,39.06990656
-77.00181026,39.07026838
-77.09895642,39.07126374
-77.08483087,39.07228605
-77.15359366,39.07327215
-76.95100603,39.0739211
-77.15301189,39.07534359
-76.99392078,39.07545721
-77.11723203,39.07549344
-77.11723203,39.07549344
-77.11806154,39.07710846
-77.14387201,39.07741081
-77.08079191,39.07890735
-77.14472073,39.07943008
-77.07784302,39.08388099
-77.07905045,39.08625373
-76.93231026,39.0863725
-77.15073325,39.08825267
-77.05370441,39.09038577
-77.05052677,39.09152468
-77.04449252,39.09561735
-76.93247788,39.10158553
-77.01454889,39.1032429
-76.97275089,39.10836583
-76.9723142,39.1108703
-77.19711721,39.11419382
-77.18235157,39.11698508
-77.25003453,39.11701353
-77.21705284,39.11766284
-77.16376431,39.11795984
-77.25216361,39.12479067
-77.2437016,39.12977963
-77.04693358,39.14044833
-77.21252244,39.14051575
-77.22854414,39.14070833
-77.21754241,39.14197057
-77.21754241,39.14197057
-77.19469581,39.14206464
-77.05532859,39.14572683
-77.20378185,39.14573436
-77.18494048,39.14653124
-77.21818299,39.14794796
-77.20911504,39.15017221
-77.20405895,39.15067674
-77.20405895,39.15067674
-77.20405895,39.15067674
-77.19841338,39.15246141
-77.21197909,39.15262855
-77.06695563,39.15326743
-77.16032093,39.1591045
-77.20009568,39.16085532
-77.2875424,39.162122
-77.22779754,39.16278321
-77.24926169,39.16309051
-77.26641164,39.17484824
-77.24163044,39.1777122
-77.26734863,39.17883254
-77.20671805,39.18504197
-77.27892435,39.18561534
-77.28447998,39.18899827
-77.24263517,39.19532127
-77.25807015,39.21954722
-77.16311056,38.97485373
-77.121763,38.97594561
-77.12459715,38.97960141
-77.09597671,38.98580018
-77.08783895,38.98653441
-77.02959872,38.98696707
-77.21771867,38.98978999
-77.09668003,38.99081446
-77.03157952,38.99393828
-77.03157952,38.99393828
-76.99258492,38.99422531
-77.0319271,38.99610455
-77.04604011,38.99741145
-77.21540099,38.99782211
-77.07696796,38.9998726
-76.98709329,39.00127006
-76.99576033,39.00249982
-77.04773432,39.01416828
-77.10025991,39.01446579
-77.00505787,39.01526972
-77.16036526,39.01539772
-77.00792457,39.0186223
-76.9766814,39.0204213
-77.14664246,39.02197521
-77.14664246,39.02197521
-77.14664246,39.02197521
-77.11917923,39.02516858
-77.07614545,39.02895656
-77.0625404,39.03279504
-77.02371794,39.03347847
-77.02783848,39.03610824
-77.05163598,39.03738588
-76.9949881,39.03843036
-77.05233935,39.03845286
-77.05233935,39.03845286
-77.05233935,39.03845286
-77.05233935,39.03845286
-77.05089204,39.03870312
-77.05274147,39.040076
-77.05270552,39.04012563
-77.05270552,39.04012563
-77.05270552,39.04012563
-77.05037585,39.0402995
-77.05308983,39.04109819
-77.04255099,39.04148266
-76.97645645,39.04712382
-76.98064197,39.04846207
-77.12077515,39.04882127
-77.07490199,39.05165594
-77.06343311,39.05230145
-77.12640626,39.05847592
-77.05115301,39.06022455
-77.12100979,39.06110515
-77.04752919,39.06137815
-77.07366478,39.06319468
-77.15697963,39.06605079
-77.09101798,39.0725967
-77.11550457,39.07496447
-76.94006159,39.0763466
-77.14017096,39.07759041
-77.08079191,39.07890735
-77.12775045,39.07905325
-77.152808,39.08046654
-77.07905045,39.08625373
-77.14753107,39.086635
-76.9361081,39.08699679
-77.08965273,39.08742173
-77.14786661,39.08746226
-77.07198292,39.09051639
-77.07032827,39.09196344
-77.13650599,39.09770056
-76.92265058,39.09976333
-76.93213041,39.10520655
-77.00219466,39.10525796
-77.09054758,39.10658495
-76.99460927,39.11247976
-77.19711721,39.11419382
-77.19711721,39.11419382
-77.2066069,39.11509623
-77.25289404,39.11787688
-77.24510456,39.12121534
-77.1840214,39.12503708
-77.20953456,39.1274282
-77.20733311,39.12990813
-77.20549406,39.13053684
-77.19564205,39.14034428
-77.19246967,39.14581402
-77.06707773,39.14616789
-77.18494048,39.14653124
-77.21817155,39.14799561
-77.21817155,39.14799561
-77.06362954,39.14832615
-77.16486168,39.14869615
-77.20911504,39.15017221
-77.20405389,39.15057218
-77.20405895,39.15067674
-77.11101667,39.15580356
-77.20206574,39.15803119
-77.27464444,39.16134357
-77.28833534,39.16155873
-77.1833851,39.16270797
-77.25030689,39.16368897
-77.0539002,39.16447808
-77.28081275,39.16674642
-77.19173259,39.18937558
-77.27376918,39.19743666
-77.25720046,39.20237001
-77.2457449,39.20332881
-77.26664909,39.20662795
-77.19601342,39.25599204
-77.20179886,39.28770449
-77.08576633,38.96085306
-77.11290423,38.97423278
-77.12536888,38.97489596
-77.12502953,38.97685453
-77.12073214,38.97768779
-77.12219958,38.9800529
-77.09571042,38.98096244
-77.22640651,38.98210351
-77.02152952,38.98671119
-77.02959872,38.98696707
-77.02738752,38.98826458
-77.02393547,38.98827382
-77.09812205,38.98936265
-77.10353207,38.99032592
-77.02664,38.99063996
-77.21596385,38.99151868
-77.02415359,38.99441738
-77.02686322,38.99456787
-77.03023149,38.99479965
-77.00135409,38.99493063
-77.11163013,38.99545479
-77.00568197,38.99608348
-77.00574647,38.99766173
-77.00361045,38.9982705
-77.01751493,38.99930452
-77.07696796,38.9998726
-76.98709329,39.00127006
-76.98709329,39.00127006
-76.99396735,39.0021664
-76.99396735,39.0021664
-77.09722903,39.00263001
-77.02130271,39.00294518
-77.04026395,39.0086588
-77.02453582,39.01432411
-77.2116977,39.01609963
-77.03474448,39.01842796
-77.04663193,39.02011436
-77.14664246,39.02197521
-77.01686047,39.02309902
-77.13059484,39.02322146
-77.14748239,39.02723681
-77.0444457,39.02917981
-77.02113164,39.02974937
-77.04774606,39.03010792
-77.00311678,39.03292966
-77.05163598,39.03738588
-77.05163598,39.03738588
-77.05976886,39.03762051
-77.05233935,39.03845286
-77.05233935,39.03845286
-77.05233935,39.03845286
-77.05233935,39.03845286
-77.04870665,39.03908279
-76.99051653,39.03982997
-77.05550434,39.04006364
-77.05274147,39.040076
-77.05274147,39.040076
-77.0513237,39.04012149
-77.0513237,39.04012149
-77.05270552,39.04012563
-76.98624564,39.04120804
-77.02815244,39.04152841
-77.05317065,39.04310642
-77.1146062,39.04497267
-77.1146062,39.04497267
-77.06499708,39.0451376
-77.07217141,39.04664876
-76.99020566,39.04685052
-77.07092637,39.04921074
-77.16609011,39.05256645
-77.06863696,39.05409421
-77.08265862,39.05617996
-77.02366618,39.05799232
-77.04889229,39.05856627
-77.04200568,39.06243018
-77.1248004,39.06274695
-77.02905247,39.06437303
-76.95052721,39.07105563
-77.11723203,39.07549344
-77.14387201,39.07741081
-77.14472073,39.07943008
-77.06603397,39.0795673
-76.93309299,39.08014235
-76.94235603,39.08327275
-77.21831683,39.08500433
-77.10844067,39.08564981
-77.06283562,39.08774345
-77.17723729,39.08841987
-77.10842175,39.09093075
-77.04505391,39.09215642
-77.16142218,39.09338741
-77.17716794,39.10192449
-77.00354038,39.10336213
-77.071995,39.10363397
-76.987249,39.10423365
-77.14811,39.10793814
-76.98775535,39.10933045
-77.17165252,39.11086806
-77.18654798,39.11326965
-77.19711721,39.11419382
-77.03613805,39.1178186
-77.20315515,39.11784299
-77.11532938,39.12918909
-77.2015917,39.13044434
-77.20109916,39.13160564
-77.41348523,39.13533588
-77.20096174,39.13761937
-77.16217575,39.13824244
-77.19902603,39.14130309
-77.22448901,39.14181183
-77.19334619,39.14223101
-77.21818299,39.14794796
-77.17554414,39.14929999
-77.1428388,39.1505058
-77.21197909,39.15262855
-77.21197909,39.15262855
-77.1985071,39.15853519
-77.16043556,39.15910093
-77.20291483,39.16150481
-77.28851806,39.16184167
-77.26551979,39.16249411
-77.1833851,39.16270797
-77.29615639,39.1642981
-77.22092921,39.16513414
-77.20438104,39.16973694
-77.17677774,39.17003078
-77.1952863,39.17004243
-77.27119347,39.17755113
-77.26849811,39.1802436
-77.18875794,39.18102972
-77.28006809,39.18407209
-77.23504665,39.18474415
-77.28281037,39.18734235
-77.24924394,39.19017759
-77.25610072,39.19849712
-77.25767078,39.20328004
-77.25767078,39.20328004
-77.19008059,39.24914658
-77.10656396,38.96359321
-77.10656396,38.96359321
-77.08665643,38.97717624
-77.104219,38.98029485
-77.0931961,38.98225311
-77.09618921,38.98271766
-77.0266433,38.98533958
-77.12580149,38.98568924
-77.08680249,38.98593962
-77.14022627,38.98597656
-77.07353778,38.9901106
-77.09962509,38.99026463
-76.99989559,38.99049185
-77.02664,38.99063996
-77.02664,38.99063996
-77.0956403,38.99098907
-77.13250808,38.99104824
-77.01396557,38.99210208
-76.99766683,38.99212057
-77.03157952,38.99393828
-77.03157952,38.99393828
-76.9948197,38.99443532
-77.0428811,38.99518693
-77.00568197,38.99608348
-77.02544423,38.99687705
-77.0344975,38.99793346
-77.02086713,38.99801402
-77.01746895,38.99933416
-77.00977584,38.9997464
-76.98849991,39.00108131
-77.01309228,39.00257503
-76.99508119,39.0058865
-76.98079899,39.0084235
-77.01270713,39.02034972
-76.9766814,39.0204213
-77.14664246,39.02197521
-77.14664246,39.02197521
-77.14664246,39.02197521
-77.04506683,39.02226896
-77.00739763,39.02568197
-76.99094684,39.02629637
-77.10817514,39.02908474
-77.06379681,39.02942728
-77.02113164,39.02974937
-77.02799996,39.03078194
-77.1621963,39.03141618
-77.17818518,39.03178384
-77.00346278,39.03255222
-77.20595939,39.03698384
-77.07267161,39.03703376
-77.07245549,39.03713763
-77.05163598,39.03738588
-77.04456193,39.04056109
-77.14313501,39.04246058
-77.17173223,39.04379044
-76.98064197,39.04846207
-77.17621773,39.0488925
-76.9919414,39.0490348
-76.99196722,39.0490679
-77.02974133,39.04927984
-77.07177394,39.05001577
-76.95083986,39.05255804
-77.10311259,39.05362069
-77.04889229,39.05856627
-77.05029463,39.05944412
-77.05255138,39.06135601
-77.12399501,39.06179723
-77.09153458,39.06209116
-77.16077134,39.06259442
-77.08120714,39.06290211
-77.03981887,39.06456876
-77.12668901,39.06507967
-77.00040369,39.06571041
-77.07157388,39.06636941
-76.98423037,39.06888207
-76.98494081,39.06953939
-77.03918449,39.07673799
-77.04615453,39.07745653
-76.94107195,39.07832574
-77.13397456,39.08004379
-76.94462979,39.0820036
-77.15103393,39.08272417
-77.11901869,39.08426021
-77.08993319,39.08463257
-77.11829958,39.08477213
-77.14819686,39.08516274
-76.94028403,39.08602931
-77.14941394,39.08663892
-77.16139881,39.08717186
-76.94936828,39.08774745
-77.15217253,39.09000611
-77.04481102,39.09061853
-77.24295802,39.0934069
-77.20363185,39.09663578
-77.19942612,39.09664939
-76.97435424,39.09715512
-77.18202697,39.10023458
-77.17716794,39.10192449
-77.17716794,39.10192449
-77.19071344,39.10351162
-76.92416245,39.10377674
-77.17122561,39.10527449
-77.14811,39.10793814
-76.99796405,39.10866425
-77.23032515,39.10913792
-77.20315515,39.11784299
-77.07453754,39.1202663
-77.19433861,39.12828987
-77.20828675,39.1286367
-77.19755575,39.12881656
-77.1938588,39.13914935
-77.22448901,39.14181183
-77.21655711,39.14437742
-77.21993322,39.14545289
-77.20598104,39.14766505
-77.20405895,39.15067674
-77.27829276,39.15688332
-77.27829276,39.15688332
-77.27541887,39.15905185
-77.16043556,39.15910093
-77.28049803,39.159355
-77.22779754,39.16278321
-77.21091851,39.16282255
-77.18099958,39.16333729
-77.2861382,39.16352834
-77.2885931,39.16382581
-77.25765134,39.16434264
-77.28641207,39.16738536
-77.17600391,39.16907401
-77.18845195,39.16941155
-77.19364299,39.16951872
-77.19669049,39.17365511
-77.20721767,39.1745109
-77.24098726,39.17527874
-77.28599587,39.17685033
-77.23849257,39.17854126
-77.26734863,39.17883254
-77.26176387,39.17887768
-77.26849811,39.1802436
-77.26359052,39.18298451
-77.18317977,39.18578201
-77.27677826,39.18762979
-77.20294611,39.18855365
-77.26933174,39.19560163
-77.24491824,39.19841751
-77.24491824,39.19841751
-77.11900434,39.20411198
-77.2834653,39.23251635
-77.26459598,39.2373842
-77.15595925,39.24949929
-77.22285498,39.25221595
-77.21267044,39.27482866
-77.20949611,39.28532591
-77.12862567,38.96069903
-77.09506264,38.98828879
-77.02904564,38.99005668
-77.02780961,38.99156644
-77.01161182,38.99382947
-77.03157952,38.99393828
-77.02820243,38.9960615
-77.02813565,38.99608121
-77.02813565,38.99608121
-77.02190889,38.99714787
-77.04643849,38.99906836
-77.09690913,38.99957209
-76.98709329,39.00127006
-77.05385546,39.00147141
-77.11823149,39.005558
-77.11745675,39.00827077
-76.9840946,39.00881431
-77.00823779,39.01035983
-77.02946615,39.01239417
-76.98599116,39.01579577
-77.01831465,39.01663006
-76.97485291,39.01995591
-76.9766034,39.02037696
-77.14664246,39.02197521
-77.14664246,39.02197521
-77.05331185,39.02428058
-77.12532141,39.02489476
-77.048378,39.03199348
-77.00206464,39.03228329
-77.0597916,39.03317184
-77.05163598,39.03738588
-77.05163598,39.03738588
-77.05163598,39.03738588
-77.05163598,39.03738588
-77.05163598,39.03738588
-77.05163598,39.03738588
-76.99064597,39.03982783
-77.09171656,39.04050891
-76.98504072,39.04130416
-77.05189082,39.04148146
-77.05171776,39.041536
-77.1146062,39.04497267
-77.10210032,39.04891767
-76.98956013,39.04941717
-77.10179388,39.04997444
-76.95083986,39.05255804
-76.95317842,39.05269731
-76.95317842,39.05269731
-77.07072335,39.0534202
-77.07239002,39.05388722
-76.95252542,39.05407588
-77.18503127,39.05415031
-77.11825714,39.05508065
-76.97053929,39.0573318
-77.05002379,39.05806645
-77.04889229,39.05856627
-77.04889229,39.05856627
-77.04889229,39.05856627
-77.17961839,39.06098809
-77.09153458,39.06209116
-77.04905074,39.0644411
-77.11434173,39.06715728
-77.062204,39.06940286
-77.1695598,39.070117
-76.98815325,39.07252614
-76.9465808,39.07358931
-77.06029294,39.08033115
-77.06029294,39.08033115
-77.152808,39.08046654
-76.94728378,39.08213838
-77.14685911,39.08354013
-77.13036505,39.08386646
-77.07784302,39.08388099
-77.12761852,39.08415673
-77.16760867,39.08562501
-77.15196931,39.0857024
-77.0700363,39.0928054
-77.09820639,39.09378109
-77.14112587,39.09395213
-77.15470805,39.09503786
-76.9215768,39.10042365
-77.05187831,39.10198899
-76.92163461,39.10287172
-77.07580963,39.10371722
-77.15441726,39.10508197
-77.23528052,39.11178148
-77.21266561,39.11328518
-77.07382213,39.11359972
-77.20962818,39.11427233
-77.34735839,39.12825619
-77.19433861,39.12828987
-77.19223894,39.13586244
-77.19409864,39.1378807
-77.19391937,39.13911756
-77.19637458,39.13972628
-77.19323605,39.1421897
-77.20165015,39.14399238
-77.19246967,39.14581402
-77.1925284,39.1458322
-77.19273977,39.1469118
-77.20405895,39.15067674
-77.20405895,39.15067674
-77.16384304,39.15470165
-77.26742058,39.16206018
-77.20484043,39.1621174
-77.25010231,39.16341063
-77.22647446,39.16358669
-77.27116852,39.16736091
-77.19815097,39.17175225
-77.23366567,39.17301675
-77.28849122,39.17578783
-77.27876148,39.17855374
-77.26176387,39.17887768
-77.11734164,39.17929054
-77.17681124,39.182203
-77.25422996,39.18408216
-77.18020801,39.18454215
-77.2723817,39.18458214
-77.24752596,39.19220361
-77.27427562,39.19418273
-77.24491824,39.19841751
-77.18948515,39.20957466
-77.22507296,39.25328189
-77.19960719,39.30007001
-77.08654777,38.96017479
-77.08654777,38.96017479
-77.08722142,38.96382744
-77.06930297,38.97595842
-77.0771622,38.97673362
-77.09463827,38.97696928
-77.14380212,38.97743955
-77.09874186,38.97803754
-77.12570903,38.9813279
-77.0266433,38.98533958
-77.02670816,38.98656788
-77.02959872,38.98696707
-77.02490896,38.98770887
-77.02396511,38.99025723
-77.02780961,38.99156644
-77.02661141,38.9916456
-77.03063755,38.99178744
-77.02665356,38.99298669
-77.02414221,38.99304842
-77.02543246,38.99685494
-77.02543246,38.99685494
-77.02190889,38.99714787
-76.99630712,38.99777272
-76.98709329,39.00127006
-77.06826651,39.00552228
-77.04347347,39.00742997
-77.01271338,39.02040574
-77.14664246,39.02197521
-77.14664246,39.02197521
-77.10294284,39.02427857
-77.048378,39.03199348
-77.0015942,39.033496
-77.05013923,39.03614879
-77.05089204,39.03870312
-77.05550434,39.04006364
-77.03288142,39.04419701
-77.10880398,39.04487927
-77.19872214,39.04581239
-77.07431901,39.04635679
-77.20495953,39.04689358
-77.11932335,39.04833325
-76.98237529,39.04846307
-77.09202735,39.05155023
-76.95319202,39.05258491
-77.05214086,39.05292647
-77.0629019,39.05560061
-77.12640626,39.05847592
-77.00633287,39.05927737
-77.12907021,39.06222844
-77.12668901,39.06507967
-77.03719585,39.06517139
-77.03719585,39.06517139
-77.05952799,39.06666585
-77.22021201,39.07494379
-77.08508337,39.0749582
-77.08064104,39.0763125
-77.1516164,39.07791192
-77.11345666,39.0805754
-76.94728378,39.08213838
-77.15295707,39.08418375
-77.14508906,39.08536325
-76.94936828,39.08774745
-77.02977302,39.08885235
-77.04467136,39.08885641
-77.07979606,39.09203135
-77.12281802,39.09297769
-77.11332689,39.09445047
-77.14448782,39.0957195
-77.44498403,39.09734776
-77.19239303,39.09939421
-77.07749044,39.10138245
-77.15227975,39.10652291
-77.16628507,39.11566466
-77.2055635,39.1162848
-77.0957072,39.11713516
-77.2060767,39.1336492
-77.20667424,39.13438018
-77.20259574,39.138782
-77.19564205,39.14034428
-77.41275963,39.14497848
-77.18678071,39.14517458
-77.16124539,39.14571548
-77.1631653,39.14959505
-77.20405895,39.15067674
-77.20405895,39.15067674
-77.0621887,39.15086426
-77.21197909,39.15262855
-77.23793627,39.15392877
-77.20335881,39.15712809
-77.4521726,39.15887281
-77.19998423,39.15994695
-77.27499337,39.16193373
-77.02630473,39.16204835
-77.21532568,39.16256464
-77.17093208,39.16641438
-77.28200901,39.16672082
-77.06069685,39.16904433
-77.26285748,39.17113838
-77.15263843,39.17235679
-77.26641164,39.17484824
-77.23849257,39.17854126
-77.26176387,39.17887768
-77.26849811,39.1802436
-77.18744023,39.18533654
-77.24155011,39.19752181
-77.28276172,39.21403832
-77.20752508,39.26810155
-77.20179886,39.28770449
-77.10243673,38.96399269
-77.14628725,38.97781874
-77.06192426,38.98509807
-77.0266433,38.98533958
-77.02959872,38.98696707
-77.09668003,38.99081446
-77.02780961,38.99156644
-77.02686322,38.99456787
-77.02446204,38.99538517
-77.02543246,38.99685494
-77.00029227,38.99687286
-77.02544423,38.99687705
-77.02190889,38.99714787
-77.03183015,38.99742683
-77.02699356,38.99770109
-76.99528089,38.99965966
-76.99528089,38.99965966
-77.03959616,39.00723466
-76.98438916,39.00785872
-76.9856006,39.00835933
-77.02453582,39.01432411
-77.11697665,39.0157002
-77.07649407,39.01782945
-77.06268319,39.02029185
-77.01270713,39.02034972
-77.1379713,39.021459
-77.0562172,39.02239572
-77.07619487,39.02364782
-77.14899534,39.02502585
-77.11965269,39.02590247
-77.12768241,39.02679178
-77.00832412,39.02705395
-77.02106872,39.03431042
-77.10707364,39.03520569
-77.04455567,39.03657332
-77.07245549,39.03713763
-77.05163598,39.03738588
-77.05163598,39.03738588
-77.05976886,39.03762051
-77.05089204,39.03870312
-76.99051653,39.03982997
-77.15734159,39.03998107
-77.1204695,39.0448393
-77.06510954,39.04514603
-76.99197541,39.04554603
-77.20045453,39.04570481
-77.06822584,39.04611531
-76.97645645,39.04712382
-77.11666842,39.05315153
-77.04889229,39.05856627
-77.04911502,39.06166713
-77.01045628,39.06239147
-77.07211757,39.06457246
-77.12668901,39.06507967
-77.04603013,39.06597374
-77.10913734,39.07180762
-77.07191964,39.07832734
-77.08722994,39.07916582
-76.94462979,39.0820036
-77.11829958,39.08477213
-77.14819904,39.08519615
-76.93608894,39.08626527
-76.94936828,39.08774745
-77.07664793,39.08796554
-77.15073325,39.08825267
-76.93961134,39.08871623
-76.9398921,39.09204389
-76.94190274,39.09238733
-77.12281802,39.09297769
-77.19779149,39.09299981
-77.09022319,39.09444881
-77.15325381,39.09663688
-77.20114678,39.1002246
-76.93523128,39.10465217
-76.91161229,39.10596384
-77.09353859,39.10735723
-77.20221837,39.10948035
-77.23528052,39.11178148
-77.23528052,39.11178148
-77.23528052,39.11178148
-77.23528052,39.11178148
-77.25289404,39.11787688
-77.18259069,39.11888436
-77.23505256,39.12410267
-77.2037049,39.12494948
-76.98932766,39.12525279
-77.18514766,39.12788841
-77.22709889,39.130142
-77.18870374,39.13196003
-77.19465735,39.14069255
-77.19465735,39.14069255
-77.22098082,39.14266332
-77.20378185,39.14573436
-77.20405389,39.15057218
-77.17909661,39.15059435
-77.20405895,39.15067674
-77.16915798,39.15484559
-77.27533585,39.15909937
-77.20901719,39.15947632
-77.26852375,39.16016735
-77.20291483,39.16150481
-77.28718798,39.16486125
-77.21192333,39.16764064
-77.06863999,39.17070549
-77.28888717,39.17108725
-77.20423474,39.17506951
-77.27312579,39.17603557
-77.27119347,39.17755113
-77.26359052,39.18298451
-77.2723817,39.18458214
-77.24207403,39.18688603
-77.28447998,39.18899827
-77.27292986,39.18961464
-77.27374374,39.19287371
-77.28436625,39.19650236
-77.24491824,39.19841751
-77.27157188,39.19902463
-77.09251868,39.20894014
-77.26477722,39.22544204
-77.28815448,39.22988334
-77.21056209,39.27996233
-77.16940424,39.29965232
-77.13260686,38.96613056
-77.13294719,38.9779747
-77.09499155,38.97833496
-77.14248444,38.97891436
-77.09670122,38.98625629
-77.09962509,38.99026463
-77.09668003,38.99081446
-77.0956403,38.99098907
-77.02661141,38.9916456
-77.02446204,38.99538517
-77.02820243,38.9960615
-77.02988848,38.99607422
-77.03199431,38.99607466
-77.03631204,38.9961616
-77.10903355,38.99657927
-76.99185262,38.99727618
-77.17328834,38.99747696
-77.02979931,38.99754832
-77.02699356,38.99770109
-77.03983252,38.99928922
-76.99576033,39.00249982
-77.03002936,39.00831953
-77.10615942,39.01434732
-76.97614452,39.01514257
-77.0330565,39.01612799
-76.98645731,39.01773561
-76.99993562,39.01802564
-77.14664246,39.02197521
-77.14664246,39.02197521
-77.10308899,39.02432649
-77.12768241,39.02679178
-77.12768241,39.02679178
-77.10759112,39.02824425
-77.05270552,39.04012563
-76.98794782,39.04088812
-77.09542897,39.04272406
-76.98026478,39.04400264
-77.11429193,39.04950569
-77.11429193,39.04950569
-76.95317842,39.05269731
-77.07659091,39.05275775
-77.04643555,39.05310752
-77.11666842,39.05315153
-77.11666842,39.05315153
-77.05433417,39.05595883
-77.06887988,39.05633909
-77.02366618,39.05799232
-77.1108511,39.05895259
-77.06507021,39.05907131
-77.28584603,39.05980691
-77.1248004,39.06274695
-77.0948307,39.06313919
-77.06732224,39.06669786
-77.04072921,39.0692764
-77.11098374,39.07047947
-76.95052721,39.07105563
-77.08394573,39.07954535
-77.06603397,39.0795673
-76.94728378,39.08213838
-76.94728378,39.08213838
-77.12296858,39.09282098
-76.93814134,39.09292891
-77.06212393,39.09359188
-77.17230977,39.09379709
-76.98588843,39.09411141
-77.15333267,39.09419
-77.13650599,39.09770056
-77.17830614,39.0991001
-76.92642045,39.10179252
-77.20198149,39.10213236
-77.07580963,39.10371722
-77.05754426,39.10685911
-77.18654798,39.11326965
-77.25143834,39.11330804
-77.20166822,39.11455375
-77.20232648,39.1164052
-77.22408769,39.11957502
-77.25693195,39.12225202
-77.23573365,39.12315147
-77.16615647,39.12911448
-77.11845712,39.12946407
-77.18885428,39.13221799
-77.18885428,39.13221799
-77.23286475,39.13516315
-77.23284382,39.1352248
-77.23284382,39.1352248
-77.2320634,39.13562029
-77.2320634,39.13562029
-77.2320634,39.13562029
-77.40916766,39.13771303
-77.19564205,39.14034428
-77.19564205,39.14034428
-77.19334619,39.14223101
-77.2209081,39.14258808
-77.2209081,39.14258808
-77.04286923,39.14447089
-77.24195883,39.14462133
-77.16703117,39.14507251
-77.16703117,39.14507251
-77.21993322,39.14545289
-77.1925284,39.1458322
-77.21818299,39.14794796
-77.21818299,39.14794796
-77.20405895,39.15067674
-77.19841338,39.15246141
-77.19841338,39.15246141
-77.18502453,39.15291259
-77.16915798,39.15484559
-77.20427406,39.15812868
-77.25405547,39.16114847
-77.18650716,39.16488673
-77.38789504,39.16980878
-77.2311419,39.17045846
-77.2838578,39.17052917
-77.25814436,39.17132181
-77.25874561,39.17377336
-77.26641164,39.17484824
-77.20784621,39.17677481
-77.18767134,39.18089804
-77.26239545,39.18117282
-77.2602523,39.18210579
-77.17583434,39.1843652
-77.24579918,39.18441889
-77.24752596,39.19220361
-77.25720046,39.20237001
-77.25720046,39.20237001
-77.24316814,39.23155491
-77.22143386,39.26217558
-77.18995874,39.26969167
-77.21067227,39.28389358
-77.19117305,39.30008706
-77.10679561,38.97189844
-77.11552839,38.98827801
-77.08725901,38.98837303
-77.00797537,38.98925969
-77.12311908,38.98960044
-77.02401665,38.99021584
-77.13912765,38.99027506
-77.09687907,38.99193126
-77.02813565,38.99608121
-77.10903355,38.99657927
-77.03277478,38.99681502
-77.02543246,38.99685494
-77.00844233,38.99715071
-76.99528089,38.99965966
-77.00021523,39.00294193
-77.02188431,39.00467094
-77.00534438,39.00511849
-76.98457061,39.00622077
-77.04978507,39.01109774
-77.0573006,39.01122327
-76.97616002,39.0150284
-77.0019445,39.01552938
-77.0330565,39.01612799
-77.01277632,39.02039223
-77.04454605,39.02051107
-77.14664246,39.02197521
-77.04625738,39.02224044
-77.08299623,39.02444419
-77.04610776,39.02531018
-77.13238754,39.02703037
-77.02113164,39.02974937
-76.98612615,39.03346441
-77.09827758,39.03471239
-76.9996963,39.03693511
-77.05163598,39.03738588
-77.05163598,39.03738588
-76.99496398,39.03747505
-77.05546538,39.04000343
-76.98794782,39.04088812
-76.99719043,39.04093703
-77.16431301,39.04255742
-77.05205224,39.04313668
-76.98026478,39.04400264
-77.10880398,39.04487927
-77.08194666,39.04546825
-77.06753471,39.04685305
-77.10554119,39.04791319
-76.97573042,39.05283423
-77.08067171,39.05333561
-77.10912328,39.05611128
-77.16163584,39.05717239
-77.05307185,39.05875856
-76.98867003,39.05968755
-77.10910581,39.06031594
-77.12907021,39.06222844
-77.12907021,39.06222844
-77.11725269,39.06275607
-76.99896433,39.06293798
-77.05477727,39.06306394
-76.99737271,39.06312406
-77.08552583,39.06330438
-76.99953796,39.0642554
-76.97361958,39.06579769
-77.03116922,39.06794705
-77.04692135,39.07277662
-77.16462756,39.07404754
-77.11550457,39.07496447
-77.11723203,39.07549344
-77.11128993,39.07585862
-77.08090003,39.07766701
-77.06412066,39.07982355
-76.9355006,39.08126719
-77.15280312,39.08318245
-77.07764908,39.08380963
-77.21831683,39.08500433
-77.15073325,39.08825267
-77.06212393,39.09359188
-77.07569003,39.09369094
-76.98234855,39.0938584
-77.16285249,39.09427322
-77.00215736,39.0959154
-76.9374494,39.09854497
-76.98711671,39.0993502
-77.20198149,39.10213236
-76.9195642,39.10262967
-77.19071344,39.10351162
-77.17165252,39.11086806
-77.23528052,39.11178148
-77.19769061,39.11316897
-77.16441079,39.11456567
-77.2483116,39.11646896
-77.18357427,39.1174806
-77.18357427,39.1174806
-77.07502801,39.11831429
-77.17194518,39.11918218
-77.2037049,39.12494948
-77.15139622,39.13334324
-77.2320634,39.13562029
-77.40693924,39.13853098
-77.18148697,39.14192737
-77.20165015,39.14399238
-77.21993322,39.14545289
-77.19969103,39.14863739
-77.20405895,39.15067674
-77.20405895,39.15067674
-77.20405895,39.15067674
-77.19022082,39.1513648
-77.22502201,39.15179222
-77.19597451,39.15232474
-77.21906216,39.15975897
-77.22488751,39.16238763
-77.20831911,39.16804926
-77.2468975,39.17540754
-77.27314278,39.17699102
-77.26740597,39.17886244
-77.21361882,39.17922827
-77.26954784,39.18142552
-77.27077505,39.18291649
-77.19217895,39.18403045
-77.26176488,39.18403195
-77.31267787,39.18411465
-77.26592378,39.18592197
-77.24160838,39.18999337
-77.24752596,39.19220361
-77.25610072,39.19849712
-77.27234066,39.24815817
-77.20481146,39.25778908
-77.16388959,39.25832173
-77.21267044,39.27482866
